recID,Origin,Dest,FlightCount,DepDelay,ArrDelay,AirportNameOrigin,LatOrigin,LongOrigin,AirportNameDest,LatDest,LongDest,origRating,destRating
0,ATL,BOS,5990,69911.0,56384.0,Hartsfield Jackson Atlanta Intl,33.636719,-84.428067,General Edward Lawrence Logan Intl,42.364346999999995,-71.00518100000001,3,1
1,ATL,BWI,5978,63060.0,61157.0,Hartsfield Jackson Atlanta Intl,33.636719,-84.428067,Baltimore Washington Intl,39.175360999999995,-76.66833299999999,3,1
2,ATL,CLT,6720,57231.0,66099.0,Hartsfield Jackson Atlanta Intl,33.636719,-84.428067,Charlotte Douglas Intl,35.214,-80.943139,3,2
3,ATL,DEN,5726,45421.0,48438.0,Hartsfield Jackson Atlanta Intl,33.636719,-84.428067,Denver Intl,39.861655999999996,-104.67317800000001,3,2
4,ATL,DFW,9847,101920.0,105745.0,Hartsfield Jackson Atlanta Intl,33.636719,-84.428067,Dallas Fort Worth Intl,32.896828,-97.037997,3,3
5,ATL,DTW,5612,57200.0,50720.0,Hartsfield Jackson Atlanta Intl,33.636719,-84.428067,Detroit Metro Wayne Co,42.212444,-83.353389,3,2
6,ATL,EWR,8028,184141.0,161095.0,Hartsfield Jackson Atlanta Intl,33.636719,-84.428067,Newark Liberty Intl,40.6925,-74.168667,3,3
7,ATL,IAH,5268,54479.0,49620.0,Hartsfield Jackson Atlanta Intl,33.636719,-84.428067,George Bush Intercontinental,29.984433000000003,-95.341442,3,3
8,ATL,JFK,1915,39223.0,36203.0,Hartsfield Jackson Atlanta Intl,33.636719,-84.428067,John F Kennedy Intl,40.639751000000004,-73.778925,3,3
9,ATL,LAS,4766,48931.0,55509.0,Hartsfield Jackson Atlanta Intl,33.636719,-84.428067,Mc Carran Intl,36.080056,-115.15225,3,1
10,ATL,LAX,5406,62350.0,76299.0,Hartsfield Jackson Atlanta Intl,33.636719,-84.428067,Los Angeles Intl,33.942536,-118.408075,3,2
11,ATL,LGA,10506,169451.0,171890.0,Hartsfield Jackson Atlanta Intl,33.636719,-84.428067,La Guardia,40.777245,-73.872608,3,2
12,ATL,MCO,9613,99792.0,97279.0,Hartsfield Jackson Atlanta Intl,33.636719,-84.428067,Orlando Intl,28.429394,-81.308994,3,2
13,ATL,MSP,5368,50696.0,42011.0,Hartsfield Jackson Atlanta Intl,33.636719,-84.428067,Minneapolis St Paul Intl,44.881956,-93.221767,3,1
14,ATL,ORD,7677,127586.0,128699.0,Hartsfield Jackson Atlanta Intl,33.636719,-84.428067,Chicago Ohare Intl,41.978603,-87.904842,3,3
15,ATL,PHX,4603,42121.0,41423.0,Hartsfield Jackson Atlanta Intl,33.636719,-84.428067,Phoenix Sky Harbor Intl,33.434278000000006,-112.011583,3,1
16,ATL,SEA,2574,21271.0,21815.0,Hartsfield Jackson Atlanta Intl,33.636719,-84.428067,Seattle Tacoma Intl,47.449,-122.309306,3,1
17,ATL,SFO,3462,38106.0,44958.0,Hartsfield Jackson Atlanta Intl,33.636719,-84.428067,San Francisco Intl,37.618972,-122.374889,3,3
18,ATL,SLC,2860,28293.0,32903.0,Hartsfield Jackson Atlanta Intl,33.636719,-84.428067,Salt Lake City Intl,40.788389,-111.977772,3,1
19,BOS,ATL,5982,56275.0,59467.0,General Edward Lawrence Logan Intl,42.364346999999995,-71.00518100000001,Hartsfield Jackson Atlanta Intl,33.636719,-84.428067,1,3
20,BOS,BWI,4797,42098.0,39107.0,General Edward Lawrence Logan Intl,42.364346999999995,-71.00518100000001,Baltimore Washington Intl,39.175360999999995,-76.66833299999999,1,1
21,BOS,CLT,3533,20760.0,20255.0,General Edward Lawrence Logan Intl,42.364346999999995,-71.00518100000001,Charlotte Douglas Intl,35.214,-80.943139,1,2
22,BOS,DEN,2077,24600.0,23389.0,General Edward Lawrence Logan Intl,42.364346999999995,-71.00518100000001,Denver Intl,39.861655999999996,-104.67317800000001,1,2
23,BOS,DFW,3036,19945.0,13703.0,General Edward Lawrence Logan Intl,42.364346999999995,-71.00518100000001,Dallas Fort Worth Intl,32.896828,-97.037997,1,3
24,BOS,DTW,2306,18854.0,17322.0,General Edward Lawrence Logan Intl,42.364346999999995,-71.00518100000001,Detroit Metro Wayne Co,42.212444,-83.353389,1,2
25,BOS,EWR,3883,93208.0,103197.0,General Edward Lawrence Logan Intl,42.364346999999995,-71.00518100000001,Newark Liberty Intl,40.6925,-74.168667,1,3
26,BOS,IAH,1800,25038.0,22904.0,General Edward Lawrence Logan Intl,42.364346999999995,-71.00518100000001,George Bush Intercontinental,29.984433000000003,-95.341442,1,3
27,BOS,JFK,7372,105166.0,124054.0,General Edward Lawrence Logan Intl,42.364346999999995,-71.00518100000001,John F Kennedy Intl,40.639751000000004,-73.778925,1,3
28,BOS,LAS,1383,12412.0,2648.0,General Edward Lawrence Logan Intl,42.364346999999995,-71.00518100000001,Mc Carran Intl,36.080056,-115.15225,1,1
29,BOS,LAX,2234,29928.0,28167.0,General Edward Lawrence Logan Intl,42.364346999999995,-71.00518100000001,Los Angeles Intl,33.942536,-118.408075,1,2
30,BOS,LGA,12029,46887.0,59969.0,General Edward Lawrence Logan Intl,42.364346999999995,-71.00518100000001,La Guardia,40.777245,-73.872608,1,2
31,BOS,MCO,3474,36079.0,34966.0,General Edward Lawrence Logan Intl,42.364346999999995,-71.00518100000001,Orlando Intl,28.429394,-81.308994,1,2
32,BOS,MSP,1635,9103.0,3826.0,General Edward Lawrence Logan Intl,42.364346999999995,-71.00518100000001,Minneapolis St Paul Intl,44.881956,-93.221767,1,1
33,BOS,ORD,7085,85526.0,78679.0,General Edward Lawrence Logan Intl,42.364346999999995,-71.00518100000001,Chicago Ohare Intl,41.978603,-87.904842,1,3
34,BOS,PHX,1069,6278.0,8080.0,General Edward Lawrence Logan Intl,42.364346999999995,-71.00518100000001,Phoenix Sky Harbor Intl,33.434278000000006,-112.011583,1,1
35,BOS,SEA,979,7921.0,4351.0,General Edward Lawrence Logan Intl,42.364346999999995,-71.00518100000001,Seattle Tacoma Intl,47.449,-122.309306,1,1
36,BOS,SFO,2668,28671.0,26683.0,General Edward Lawrence Logan Intl,42.364346999999995,-71.00518100000001,San Francisco Intl,37.618972,-122.374889,1,3
37,BOS,SLC,707,5684.0,5202.0,General Edward Lawrence Logan Intl,42.364346999999995,-71.00518100000001,Salt Lake City Intl,40.788389,-111.977772,1,1
38,BWI,ATL,5972,53642.0,55217.0,Baltimore Washington Intl,39.175360999999995,-76.66833299999999,Hartsfield Jackson Atlanta Intl,33.636719,-84.428067,1,3
39,BWI,BOS,4795,48542.0,39685.0,Baltimore Washington Intl,39.175360999999995,-76.66833299999999,General Edward Lawrence Logan Intl,42.364346999999995,-71.00518100000001,1,1
40,BWI,CLT,3652,18353.0,21437.0,Baltimore Washington Intl,39.175360999999995,-76.66833299999999,Charlotte Douglas Intl,35.214,-80.943139,1,2
41,BWI,DEN,2664,30939.0,23911.0,Baltimore Washington Intl,39.175360999999995,-76.66833299999999,Denver Intl,39.861655999999996,-104.67317800000001,1,2
42,BWI,DFW,2311,19278.0,11792.0,Baltimore Washington Intl,39.175360999999995,-76.66833299999999,Dallas Fort Worth Intl,32.896828,-97.037997,1,3
43,BWI,DTW,3105,32499.0,23568.0,Baltimore Washington Intl,39.175360999999995,-76.66833299999999,Detroit Metro Wayne Co,42.212444,-83.353389,1,2
44,BWI,EWR,507,12377.0,11876.0,Baltimore Washington Intl,39.175360999999995,-76.66833299999999,Newark Liberty Intl,40.6925,-74.168667,1,3
45,BWI,IAH,1728,8539.0,7390.0,Baltimore Washington Intl,39.175360999999995,-76.66833299999999,George Bush Intercontinental,29.984433000000003,-95.341442,1,3
46,BWI,JFK,1134,19581.0,25147.0,Baltimore Washington Intl,39.175360999999995,-76.66833299999999,John F Kennedy Intl,40.639751000000004,-73.778925,1,3
47,BWI,LAS,1626,16144.0,4478.0,Baltimore Washington Intl,39.175360999999995,-76.66833299999999,Mc Carran Intl,36.080056,-115.15225,1,1
48,BWI,LAX,898,13260.0,7557.0,Baltimore Washington Intl,39.175360999999995,-76.66833299999999,Los Angeles Intl,33.942536,-118.408075,1,2
49,BWI,LGA,7,405.0,615.0,Baltimore Washington Intl,39.175360999999995,-76.66833299999999,La Guardia,40.777245,-73.872608,1,2
50,BWI,MCO,4926,39374.0,24157.0,Baltimore Washington Intl,39.175360999999995,-76.66833299999999,Orlando Intl,28.429394,-81.308994,1,2
51,BWI,MSP,974,5448.0,4585.0,Baltimore Washington Intl,39.175360999999995,-76.66833299999999,Minneapolis St Paul Intl,44.881956,-93.221767,1,1
52,BWI,ORD,3545,47420.0,40603.0,Baltimore Washington Intl,39.175360999999995,-76.66833299999999,Chicago Ohare Intl,41.978603,-87.904842,1,3
53,BWI,PHX,2098,18814.0,8549.0,Baltimore Washington Intl,39.175360999999995,-76.66833299999999,Phoenix Sky Harbor Intl,33.434278000000006,-112.011583,1,1
54,BWI,SEA,242,2474.0,1610.0,Baltimore Washington Intl,39.175360999999995,-76.66833299999999,Seattle Tacoma Intl,47.449,-122.309306,1,1
55,BWI,SFO,366,947.0,1803.0,Baltimore Washington Intl,39.175360999999995,-76.66833299999999,San Francisco Intl,37.618972,-122.374889,1,3
56,BWI,SLC,727,4782.0,1197.0,Baltimore Washington Intl,39.175360999999995,-76.66833299999999,Salt Lake City Intl,40.788389,-111.977772,1,1
57,CLT,ATL,6722,63858.0,68808.0,Charlotte Douglas Intl,35.214,-80.943139,Hartsfield Jackson Atlanta Intl,33.636719,-84.428067,2,3
58,CLT,BOS,3551,34044.0,28825.0,Charlotte Douglas Intl,35.214,-80.943139,General Edward Lawrence Logan Intl,42.364346999999995,-71.00518100000001,2,1
59,CLT,BWI,3684,30002.0,25952.0,Charlotte Douglas Intl,35.214,-80.943139,Baltimore Washington Intl,39.175360999999995,-76.66833299999999,2,1
60,CLT,DEN,1925,15633.0,13016.0,Charlotte Douglas Intl,35.214,-80.943139,Denver Intl,39.861655999999996,-104.67317800000001,2,2
61,CLT,DFW,3796,26214.0,27341.0,Charlotte Douglas Intl,35.214,-80.943139,Dallas Fort Worth Intl,32.896828,-97.037997,2,3
62,CLT,DTW,2701,19564.0,9751.0,Charlotte Douglas Intl,35.214,-80.943139,Detroit Metro Wayne Co,42.212444,-83.353389,2,2
63,CLT,EWR,5953,140958.0,134268.0,Charlotte Douglas Intl,35.214,-80.943139,Newark Liberty Intl,40.6925,-74.168667,2,3
64,CLT,IAH,3711,35054.0,35155.0,Charlotte Douglas Intl,35.214,-80.943139,George Bush Intercontinental,29.984433000000003,-95.341442,2,3
65,CLT,JFK,1866,38927.0,40834.0,Charlotte Douglas Intl,35.214,-80.943139,John F Kennedy Intl,40.639751000000004,-73.778925,2,3
66,CLT,LAS,1734,16962.0,11523.0,Charlotte Douglas Intl,35.214,-80.943139,Mc Carran Intl,36.080056,-115.15225,2,1
67,CLT,LAX,1458,11712.0,10638.0,Charlotte Douglas Intl,35.214,-80.943139,Los Angeles Intl,33.942536,-118.408075,2,2
68,CLT,LGA,5339,67268.0,71572.0,Charlotte Douglas Intl,35.214,-80.943139,La Guardia,40.777245,-73.872608,2,2
69,CLT,MCO,3277,29429.0,22760.0,Charlotte Douglas Intl,35.214,-80.943139,Orlando Intl,28.429394,-81.308994,2,2
70,CLT,MSP,1816,10762.0,3865.0,Charlotte Douglas Intl,35.214,-80.943139,Minneapolis St Paul Intl,44.881956,-93.221767,2,1
71,CLT,ORD,5639,81203.0,70094.0,Charlotte Douglas Intl,35.214,-80.943139,Chicago Ohare Intl,41.978603,-87.904842,2,3
72,CLT,PHX,2186,24088.0,17357.0,Charlotte Douglas Intl,35.214,-80.943139,Phoenix Sky Harbor Intl,33.434278000000006,-112.011583,2,1
73,CLT,SEA,481,5205.0,5716.0,Charlotte Douglas Intl,35.214,-80.943139,Seattle Tacoma Intl,47.449,-122.309306,2,1
74,CLT,SFO,1427,14934.0,13184.0,Charlotte Douglas Intl,35.214,-80.943139,San Francisco Intl,37.618972,-122.374889,2,3
75,CLT,SLC,212,661.0,335.0,Charlotte Douglas Intl,35.214,-80.943139,Salt Lake City Intl,40.788389,-111.977772,2,1
76,DEN,ATL,5903,37861.0,30047.0,Denver Intl,39.861655999999996,-104.67317800000001,Hartsfield Jackson Atlanta Intl,33.636719,-84.428067,2,3
77,DEN,BOS,2234,38605.0,30537.0,Denver Intl,39.861655999999996,-104.67317800000001,General Edward Lawrence Logan Intl,42.364346999999995,-71.00518100000001,2,1
78,DEN,BWI,2655,36540.0,23291.0,Denver Intl,39.861655999999996,-104.67317800000001,Baltimore Washington Intl,39.175360999999995,-76.66833299999999,2,1
79,DEN,CLT,1925,12703.0,6615.0,Denver Intl,39.861655999999996,-104.67317800000001,Charlotte Douglas Intl,35.214,-80.943139,2,2
80,DEN,DFW,8268,76129.0,66035.0,Denver Intl,39.861655999999996,-104.67317800000001,Dallas Fort Worth Intl,32.896828,-97.037997,2,3
81,DEN,DTW,2913,22589.0,19602.0,Denver Intl,39.861655999999996,-104.67317800000001,Detroit Metro Wayne Co,42.212444,-83.353389,2,2
82,DEN,EWR,2189,67257.0,57908.0,Denver Intl,39.861655999999996,-104.67317800000001,Newark Liberty Intl,40.6925,-74.168667,2,3
83,DEN,IAH,4788,43758.0,35941.0,Denver Intl,39.861655999999996,-104.67317800000001,George Bush Intercontinental,29.984433000000003,-95.341442,2,3
84,DEN,JFK,1084,12997.0,13185.0,Denver Intl,39.861655999999996,-104.67317800000001,John F Kennedy Intl,40.639751000000004,-73.778925,2,3
85,DEN,LAS,8147,94650.0,77256.0,Denver Intl,39.861655999999996,-104.67317800000001,Mc Carran Intl,36.080056,-115.15225,2,1
86,DEN,LAX,8811,97617.0,74557.0,Denver Intl,39.861655999999996,-104.67317800000001,Los Angeles Intl,33.942536,-118.408075,2,2
87,DEN,LGA,3051,68057.0,60520.0,Denver Intl,39.861655999999996,-104.67317800000001,La Guardia,40.777245,-73.872608,2,2
88,DEN,MCO,3015,27751.0,15701.0,Denver Intl,39.861655999999996,-104.67317800000001,Orlando Intl,28.429394,-81.308994,2,2
89,DEN,MSP,5011,40181.0,36459.0,Denver Intl,39.861655999999996,-104.67317800000001,Minneapolis St Paul Intl,44.881956,-93.221767,2,1
90,DEN,ORD,6051,120644.0,106263.0,Denver Intl,39.861655999999996,-104.67317800000001,Chicago Ohare Intl,41.978603,-87.904842,2,3
91,DEN,PHX,8391,68989.0,52559.0,Denver Intl,39.861655999999996,-104.67317800000001,Phoenix Sky Harbor Intl,33.434278000000006,-112.011583,2,1
92,DEN,SEA,6414,72629.0,60919.0,Denver Intl,39.861655999999996,-104.67317800000001,Seattle Tacoma Intl,47.449,-122.309306,2,1
93,DEN,SFO,5604,85781.0,80562.0,Denver Intl,39.861655999999996,-104.67317800000001,San Francisco Intl,37.618972,-122.374889,2,3
94,DEN,SLC,8905,74462.0,58964.0,Denver Intl,39.861655999999996,-104.67317800000001,Salt Lake City Intl,40.788389,-111.977772,2,1
95,DFW,ATL,9849,96914.0,101372.0,Dallas Fort Worth Intl,32.896828,-97.037997,Hartsfield Jackson Atlanta Intl,33.636719,-84.428067,3,3
96,DFW,BOS,3036,40893.0,32893.0,Dallas Fort Worth Intl,32.896828,-97.037997,General Edward Lawrence Logan Intl,42.364346999999995,-71.00518100000001,3,1
97,DFW,BWI,2309,26841.0,15667.0,Dallas Fort Worth Intl,32.896828,-97.037997,Baltimore Washington Intl,39.175360999999995,-76.66833299999999,3,1
98,DFW,CLT,3797,31296.0,13368.0,Dallas Fort Worth Intl,32.896828,-97.037997,Charlotte Douglas Intl,35.214,-80.943139,3,2
99,DFW,DEN,8193,72484.0,73273.0,Dallas Fort Worth Intl,32.896828,-97.037997,Denver Intl,39.861655999999996,-104.67317800000001,3,2
100,DFW,DTW,2792,30084.0,22419.0,Dallas Fort Worth Intl,32.896828,-97.037997,Detroit Metro Wayne Co,42.212444,-83.353389,3,2
101,DFW,EWR,3728,91219.0,81284.0,Dallas Fort Worth Intl,32.896828,-97.037997,Newark Liberty Intl,40.6925,-74.168667,3,3
102,DFW,IAH,5526,44280.0,52581.0,Dallas Fort Worth Intl,32.896828,-97.037997,George Bush Intercontinental,29.984433000000003,-95.341442,3,3
103,DFW,JFK,833,13773.0,11470.0,Dallas Fort Worth Intl,32.896828,-97.037997,John F Kennedy Intl,40.639751000000004,-73.778925,3,3
104,DFW,LAS,4956,59597.0,57130.0,Dallas Fort Worth Intl,32.896828,-97.037997,Mc Carran Intl,36.080056,-115.15225,3,1
105,DFW,LAX,6571,86722.0,76770.0,Dallas Fort Worth Intl,32.896828,-97.037997,Los Angeles Intl,33.942536,-118.408075,3,2
106,DFW,LGA,5365,99337.0,97611.0,Dallas Fort Worth Intl,32.896828,-97.037997,La Guardia,40.777245,-73.872608,3,2
107,DFW,MCO,4114,46164.0,42670.0,Dallas Fort Worth Intl,32.896828,-97.037997,Orlando Intl,28.429394,-81.308994,3,2
108,DFW,MSP,2810,25782.0,22954.0,Dallas Fort Worth Intl,32.896828,-97.037997,Minneapolis St Paul Intl,44.881956,-93.221767,3,1
109,DFW,ORD,8165,155819.0,143287.0,Dallas Fort Worth Intl,32.896828,-97.037997,Chicago Ohare Intl,41.978603,-87.904842,3,3
110,DFW,PHX,5388,49138.0,45728.0,Dallas Fort Worth Intl,32.896828,-97.037997,Phoenix Sky Harbor Intl,33.434278000000006,-112.011583,3,1
111,DFW,SEA,3915,46918.0,51158.0,Dallas Fort Worth Intl,32.896828,-97.037997,Seattle Tacoma Intl,47.449,-122.309306,3,1
112,DFW,SFO,3486,60937.0,60418.0,Dallas Fort Worth Intl,32.896828,-97.037997,San Francisco Intl,37.618972,-122.374889,3,3
113,DFW,SLC,3143,36477.0,34595.0,Dallas Fort Worth Intl,32.896828,-97.037997,Salt Lake City Intl,40.788389,-111.977772,3,1
114,DTW,ATL,5612,59830.0,64491.0,Detroit Metro Wayne Co,42.212444,-83.353389,Hartsfield Jackson Atlanta Intl,33.636719,-84.428067,2,3
115,DTW,BOS,2377,25028.0,36639.0,Detroit Metro Wayne Co,42.212444,-83.353389,General Edward Lawrence Logan Intl,42.364346999999995,-71.00518100000001,2,1
116,DTW,BWI,3101,26732.0,28065.0,Detroit Metro Wayne Co,42.212444,-83.353389,Baltimore Washington Intl,39.175360999999995,-76.66833299999999,2,1
117,DTW,CLT,2703,16132.0,23309.0,Detroit Metro Wayne Co,42.212444,-83.353389,Charlotte Douglas Intl,35.214,-80.943139,2,2
118,DTW,DEN,2919,23949.0,29503.0,Detroit Metro Wayne Co,42.212444,-83.353389,Denver Intl,39.861655999999996,-104.67317800000001,2,2
119,DTW,DFW,2799,21566.0,24886.0,Detroit Metro Wayne Co,42.212444,-83.353389,Dallas Fort Worth Intl,32.896828,-97.037997,2,3
120,DTW,EWR,4374,103371.0,105350.0,Detroit Metro Wayne Co,42.212444,-83.353389,Newark Liberty Intl,40.6925,-74.168667,2,3
121,DTW,IAH,2740,19452.0,17753.0,Detroit Metro Wayne Co,42.212444,-83.353389,George Bush Intercontinental,29.984433000000003,-95.341442,2,3
122,DTW,JFK,1754,25194.0,29827.0,Detroit Metro Wayne Co,42.212444,-83.353389,John F Kennedy Intl,40.639751000000004,-73.778925,2,3
123,DTW,LAS,2038,15124.0,16769.0,Detroit Metro Wayne Co,42.212444,-83.353389,Mc Carran Intl,36.080056,-115.15225,2,1
124,DTW,LAX,1608,19408.0,26155.0,Detroit Metro Wayne Co,42.212444,-83.353389,Los Angeles Intl,33.942536,-118.408075,2,2
125,DTW,LGA,4594,67458.0,86299.0,Detroit Metro Wayne Co,42.212444,-83.353389,La Guardia,40.777245,-73.872608,2,2
126,DTW,MCO,3481,29782.0,39977.0,Detroit Metro Wayne Co,42.212444,-83.353389,Orlando Intl,28.429394,-81.308994,2,2
127,DTW,MSP,4947,41706.0,47330.0,Detroit Metro Wayne Co,42.212444,-83.353389,Minneapolis St Paul Intl,44.881956,-93.221767,2,1
128,DTW,ORD,7553,99074.0,113553.0,Detroit Metro Wayne Co,42.212444,-83.353389,Chicago Ohare Intl,41.978603,-87.904842,2,3
129,DTW,PHX,2928,22344.0,25944.0,Detroit Metro Wayne Co,42.212444,-83.353389,Phoenix Sky Harbor Intl,33.434278000000006,-112.011583,2,1
130,DTW,SEA,1172,12100.0,14412.0,Detroit Metro Wayne Co,42.212444,-83.353389,Seattle Tacoma Intl,47.449,-122.309306,2,1
131,DTW,SFO,1235,17048.0,20122.0,Detroit Metro Wayne Co,42.212444,-83.353389,San Francisco Intl,37.618972,-122.374889,2,3
132,DTW,SLC,572,5710.0,6105.0,Detroit Metro Wayne Co,42.212444,-83.353389,Salt Lake City Intl,40.788389,-111.977772,2,1
133,EWR,ATL,8060,140463.0,151334.0,Newark Liberty Intl,40.6925,-74.168667,Hartsfield Jackson Atlanta Intl,33.636719,-84.428067,3,3
134,EWR,BOS,3870,59797.0,73212.0,Newark Liberty Intl,40.6925,-74.168667,General Edward Lawrence Logan Intl,42.364346999999995,-71.00518100000001,3,1
135,EWR,BWI,508,8433.0,7658.0,Newark Liberty Intl,40.6925,-74.168667,Baltimore Washington Intl,39.175360999999995,-76.66833299999999,3,1
136,EWR,CLT,5945,84003.0,74570.0,Newark Liberty Intl,40.6925,-74.168667,Charlotte Douglas Intl,35.214,-80.943139,3,2
137,EWR,DEN,2209,42821.0,38974.0,Newark Liberty Intl,40.6925,-74.168667,Denver Intl,39.861655999999996,-104.67317800000001,3,2
138,EWR,DFW,3729,55521.0,57866.0,Newark Liberty Intl,40.6925,-74.168667,Dallas Fort Worth Intl,32.896828,-97.037997,3,3
139,EWR,DTW,4419,49703.0,52014.0,Newark Liberty Intl,40.6925,-74.168667,Detroit Metro Wayne Co,42.212444,-83.353389,3,2
140,EWR,IAH,3989,69142.0,54861.0,Newark Liberty Intl,40.6925,-74.168667,George Bush Intercontinental,29.984433000000003,-95.341442,3,3
141,EWR,LAS,2350,44524.0,38277.0,Newark Liberty Intl,40.6925,-74.168667,Mc Carran Intl,36.080056,-115.15225,3,1
142,EWR,LAX,3239,59664.0,61384.0,Newark Liberty Intl,40.6925,-74.168667,Los Angeles Intl,33.942536,-118.408075,3,2
143,EWR,LGA,1,,,Newark Liberty Intl,40.6925,-74.168667,La Guardia,40.777245,-73.872608,3,2
144,EWR,MCO,4978,90439.0,81669.0,Newark Liberty Intl,40.6925,-74.168667,Orlando Intl,28.429394,-81.308994,3,2
145,EWR,MSP,3103,39620.0,37509.0,Newark Liberty Intl,40.6925,-74.168667,Minneapolis St Paul Intl,44.881956,-93.221767,3,1
146,EWR,ORD,7505,154100.0,168650.0,Newark Liberty Intl,40.6925,-74.168667,Chicago Ohare Intl,41.978603,-87.904842,3,3
147,EWR,PHX,2601,37697.0,34190.0,Newark Liberty Intl,40.6925,-74.168667,Phoenix Sky Harbor Intl,33.434278000000006,-112.011583,3,1
148,EWR,SEA,2030,35177.0,33522.0,Newark Liberty Intl,40.6925,-74.168667,Seattle Tacoma Intl,47.449,-122.309306,3,1
149,EWR,SFO,2777,47193.0,43471.0,Newark Liberty Intl,40.6925,-74.168667,San Francisco Intl,37.618972,-122.374889,3,3
150,EWR,SLC,812,15448.0,14488.0,Newark Liberty Intl,40.6925,-74.168667,Salt Lake City Intl,40.788389,-111.977772,3,1
151,IAH,ATL,4989,53921.0,62691.0,George Bush Intercontinental,29.984433000000003,-95.341442,Hartsfield Jackson Atlanta Intl,33.636719,-84.428067,3,3
152,IAH,BOS,1822,24596.0,18962.0,George Bush Intercontinental,29.984433000000003,-95.341442,General Edward Lawrence Logan Intl,42.364346999999995,-71.00518100000001,3,1
153,IAH,BWI,1728,16108.0,8467.0,George Bush Intercontinental,29.984433000000003,-95.341442,Baltimore Washington Intl,39.175360999999995,-76.66833299999999,3,1
154,IAH,CLT,3709,37877.0,32563.0,George Bush Intercontinental,29.984433000000003,-95.341442,Charlotte Douglas Intl,35.214,-80.943139,3,2
155,IAH,DEN,4584,45248.0,43800.0,George Bush Intercontinental,29.984433000000003,-95.341442,Denver Intl,39.861655999999996,-104.67317800000001,3,2
156,IAH,DFW,5539,54448.0,58694.0,George Bush Intercontinental,29.984433000000003,-95.341442,Dallas Fort Worth Intl,32.896828,-97.037997,3,3
157,IAH,DTW,2742,20204.0,13780.0,George Bush Intercontinental,29.984433000000003,-95.341442,Detroit Metro Wayne Co,42.212444,-83.353389,3,2
158,IAH,EWR,3970,68104.0,40526.0,George Bush Intercontinental,29.984433000000003,-95.341442,Newark Liberty Intl,40.6925,-74.168667,3,3
159,IAH,JFK,969,19945.0,16750.0,George Bush Intercontinental,29.984433000000003,-95.341442,John F Kennedy Intl,40.639751000000004,-73.778925,3,3
160,IAH,LAS,2682,30665.0,26780.0,George Bush Intercontinental,29.984433000000003,-95.341442,Mc Carran Intl,36.080056,-115.15225,3,1
161,IAH,LAX,3867,50578.0,46584.0,George Bush Intercontinental,29.984433000000003,-95.341442,Los Angeles Intl,33.942536,-118.408075,3,2
162,IAH,LGA,3399,77491.0,66454.0,George Bush Intercontinental,29.984433000000003,-95.341442,La Guardia,40.777245,-73.872608,3,2
163,IAH,MCO,2494,26763.0,18409.0,George Bush Intercontinental,29.984433000000003,-95.341442,Orlando Intl,28.429394,-81.308994,3,2
164,IAH,MSP,2466,26028.0,22254.0,George Bush Intercontinental,29.984433000000003,-95.341442,Minneapolis St Paul Intl,44.881956,-93.221767,3,1
165,IAH,ORD,5651,103599.0,93856.0,George Bush Intercontinental,29.984433000000003,-95.341442,Chicago Ohare Intl,41.978603,-87.904842,3,3
166,IAH,PHX,4176,33724.0,23094.0,George Bush Intercontinental,29.984433000000003,-95.341442,Phoenix Sky Harbor Intl,33.434278000000006,-112.011583,3,1
167,IAH,SEA,2393,34114.0,33006.0,George Bush Intercontinental,29.984433000000003,-95.341442,Seattle Tacoma Intl,47.449,-122.309306,3,1
168,IAH,SFO,2655,41775.0,43801.0,George Bush Intercontinental,29.984433000000003,-95.341442,San Francisco Intl,37.618972,-122.374889,3,3
169,IAH,SLC,2696,19546.0,13980.0,George Bush Intercontinental,29.984433000000003,-95.341442,Salt Lake City Intl,40.788389,-111.977772,3,1
170,JFK,ATL,2279,36335.0,22765.0,John F Kennedy Intl,40.639751000000004,-73.778925,Hartsfield Jackson Atlanta Intl,33.636719,-84.428067,3,3
171,JFK,BOS,7513,110760.0,101182.0,John F Kennedy Intl,40.639751000000004,-73.778925,General Edward Lawrence Logan Intl,42.364346999999995,-71.00518100000001,3,1
172,JFK,BWI,1123,10681.0,9208.0,John F Kennedy Intl,40.639751000000004,-73.778925,Baltimore Washington Intl,39.175360999999995,-76.66833299999999,3,1
173,JFK,CLT,1833,23510.0,25919.0,John F Kennedy Intl,40.639751000000004,-73.778925,Charlotte Douglas Intl,35.214,-80.943139,3,2
174,JFK,DEN,1082,11225.0,11087.0,John F Kennedy Intl,40.639751000000004,-73.778925,Denver Intl,39.861655999999996,-104.67317800000001,3,2
175,JFK,DFW,834,16981.0,15259.0,John F Kennedy Intl,40.639751000000004,-73.778925,Dallas Fort Worth Intl,32.896828,-97.037997,3,3
176,JFK,DTW,1848,24690.0,27847.0,John F Kennedy Intl,40.639751000000004,-73.778925,Detroit Metro Wayne Co,42.212444,-83.353389,3,2
177,JFK,IAH,972,12961.0,13268.0,John F Kennedy Intl,40.639751000000004,-73.778925,George Bush Intercontinental,29.984433000000003,-95.341442,3,3
178,JFK,LAS,4471,51971.0,35324.0,John F Kennedy Intl,40.639751000000004,-73.778925,Mc Carran Intl,36.080056,-115.15225,3,1
179,JFK,LAX,8078,106923.0,85943.0,John F Kennedy Intl,40.639751000000004,-73.778925,Los Angeles Intl,33.942536,-118.408075,3,2
180,JFK,LGA,2,212.0,200.0,John F Kennedy Intl,40.639751000000004,-73.778925,La Guardia,40.777245,-73.872608,3,2
181,JFK,MCO,5373,67898.0,58370.0,John F Kennedy Intl,40.639751000000004,-73.778925,Orlando Intl,28.429394,-81.308994,3,2
182,JFK,MSP,1441,28440.0,33400.0,John F Kennedy Intl,40.639751000000004,-73.778925,Minneapolis St Paul Intl,44.881956,-93.221767,3,1
183,JFK,ORD,3672,82706.0,85445.0,John F Kennedy Intl,40.639751000000004,-73.778925,Chicago Ohare Intl,41.978603,-87.904842,3,3
184,JFK,PHX,2254,28244.0,18201.0,John F Kennedy Intl,40.639751000000004,-73.778925,Phoenix Sky Harbor Intl,33.434278000000006,-112.011583,3,1
185,JFK,SEA,1855,27450.0,18333.0,John F Kennedy Intl,40.639751000000004,-73.778925,Seattle Tacoma Intl,47.449,-122.309306,3,1
186,JFK,SFO,6591,82983.0,88071.0,John F Kennedy Intl,40.639751000000004,-73.778925,San Francisco Intl,37.618972,-122.374889,3,3
187,JFK,SLC,1795,20484.0,14940.0,John F Kennedy Intl,40.639751000000004,-73.778925,Salt Lake City Intl,40.788389,-111.977772,3,1
188,LAS,ATL,4761,34913.0,15299.0,Mc Carran Intl,36.080056,-115.15225,Hartsfield Jackson Atlanta Intl,33.636719,-84.428067,1,3
189,LAS,BOS,1383,13004.0,2273.0,Mc Carran Intl,36.080056,-115.15225,General Edward Lawrence Logan Intl,42.364346999999995,-71.00518100000001,1,1
190,LAS,BWI,1628,24254.0,4132.0,Mc Carran Intl,36.080056,-115.15225,Baltimore Washington Intl,39.175360999999995,-76.66833299999999,1,1
191,LAS,CLT,1730,15580.0,4733.0,Mc Carran Intl,36.080056,-115.15225,Charlotte Douglas Intl,35.214,-80.943139,1,2
192,LAS,DEN,8165,77199.0,36372.0,Mc Carran Intl,36.080056,-115.15225,Denver Intl,39.861655999999996,-104.67317800000001,1,2
193,LAS,DFW,4959,65506.0,45089.0,Mc Carran Intl,36.080056,-115.15225,Dallas Fort Worth Intl,32.896828,-97.037997,1,3
194,LAS,DTW,2036,16509.0,7084.0,Mc Carran Intl,36.080056,-115.15225,Detroit Metro Wayne Co,42.212444,-83.353389,1,2
195,LAS,EWR,2341,32445.0,21367.0,Mc Carran Intl,36.080056,-115.15225,Newark Liberty Intl,40.6925,-74.168667,1,3
196,LAS,IAH,2678,18760.0,8054.0,Mc Carran Intl,36.080056,-115.15225,George Bush Intercontinental,29.984433000000003,-95.341442,1,3
197,LAS,JFK,4481,51508.0,30495.0,Mc Carran Intl,36.080056,-115.15225,John F Kennedy Intl,40.639751000000004,-73.778925,1,3
198,LAS,LAX,11729,106858.0,73678.0,Mc Carran Intl,36.080056,-115.15225,Los Angeles Intl,33.942536,-118.408075,1,2
199,LAS,MCO,1076,14091.0,2845.0,Mc Carran Intl,36.080056,-115.15225,Orlando Intl,28.429394,-81.308994,1,2
200,LAS,MSP,2464,16949.0,8474.0,Mc Carran Intl,36.080056,-115.15225,Minneapolis St Paul Intl,44.881956,-93.221767,1,1
201,LAS,ORD,5235,86534.0,62955.0,Mc Carran Intl,36.080056,-115.15225,Chicago Ohare Intl,41.978603,-87.904842,1,3
202,LAS,PHX,10626,78897.0,43184.0,Mc Carran Intl,36.080056,-115.15225,Phoenix Sky Harbor Intl,33.434278000000006,-112.011583,1,1
203,LAS,SEA,5065,44392.0,35103.0,Mc Carran Intl,36.080056,-115.15225,Seattle Tacoma Intl,47.449,-122.309306,1,1
204,LAS,SFO,6994,107149.0,85197.0,Mc Carran Intl,36.080056,-115.15225,San Francisco Intl,37.618972,-122.374889,1,3
205,LAS,SLC,5378,46855.0,30020.0,Mc Carran Intl,36.080056,-115.15225,Salt Lake City Intl,40.788389,-111.977772,1,1
206,LAX,ATL,5402,46756.0,21654.0,Los Angeles Intl,33.942536,-118.408075,Hartsfield Jackson Atlanta Intl,33.636719,-84.428067,2,3
207,LAX,BOS,2441,31635.0,17449.0,Los Angeles Intl,33.942536,-118.408075,General Edward Lawrence Logan Intl,42.364346999999995,-71.00518100000001,2,1
208,LAX,BWI,897,11316.0,7641.0,Los Angeles Intl,33.942536,-118.408075,Baltimore Washington Intl,39.175360999999995,-76.66833299999999,2,1
209,LAX,CLT,1460,8541.0,-99.0,Los Angeles Intl,33.942536,-118.408075,Charlotte Douglas Intl,35.214,-80.943139,2,2
210,LAX,DEN,8894,89301.0,62345.0,Los Angeles Intl,33.942536,-118.408075,Denver Intl,39.861655999999996,-104.67317800000001,2,2
211,LAX,DFW,6571,68272.0,38030.0,Los Angeles Intl,33.942536,-118.408075,Dallas Fort Worth Intl,32.896828,-97.037997,2,3
212,LAX,DTW,1972,6761.0,-793.0,Los Angeles Intl,33.942536,-118.408075,Detroit Metro Wayne Co,42.212444,-83.353389,2,2
213,LAX,EWR,3249,60049.0,41213.0,Los Angeles Intl,33.942536,-118.408075,Newark Liberty Intl,40.6925,-74.168667,2,3
214,LAX,IAH,3849,43978.0,28889.0,Los Angeles Intl,33.942536,-118.408075,George Bush Intercontinental,29.984433000000003,-95.341442,2,3
215,LAX,JFK,8058,99521.0,75615.0,Los Angeles Intl,33.942536,-118.408075,John F Kennedy Intl,40.639751000000004,-73.778925,2,3
216,LAX,LAS,11773,91571.0,61015.0,Los Angeles Intl,33.942536,-118.408075,Mc Carran Intl,36.080056,-115.15225,2,1
217,LAX,MCO,1725,11793.0,2711.0,Los Angeles Intl,33.942536,-118.408075,Orlando Intl,28.429394,-81.308994,2,2
218,LAX,MSP,2392,13016.0,8874.0,Los Angeles Intl,33.942536,-118.408075,Minneapolis St Paul Intl,44.881956,-93.221767,2,1
219,LAX,ORD,7333,119215.0,88681.0,Los Angeles Intl,33.942536,-118.408075,Chicago Ohare Intl,41.978603,-87.904842,2,3
220,LAX,PHX,9897,64854.0,48674.0,Los Angeles Intl,33.942536,-118.408075,Phoenix Sky Harbor Intl,33.434278000000006,-112.011583,2,1
221,LAX,SEA,6876,45972.0,47457.0,Los Angeles Intl,33.942536,-118.408075,Seattle Tacoma Intl,47.449,-122.309306,2,1
222,LAX,SFO,13390,208841.0,163913.0,Los Angeles Intl,33.942536,-118.408075,San Francisco Intl,37.618972,-122.374889,2,3
223,LAX,SLC,5178,36378.0,20802.0,Los Angeles Intl,33.942536,-118.408075,Salt Lake City Intl,40.788389,-111.977772,2,1
224,LGA,ATL,10507,141618.0,129231.0,La Guardia,40.777245,-73.872608,Hartsfield Jackson Atlanta Intl,33.636719,-84.428067,2,3
225,LGA,BOS,12035,30079.0,-1269.0,La Guardia,40.777245,-73.872608,General Edward Lawrence Logan Intl,42.364346999999995,-71.00518100000001,2,1
226,LGA,CLT,4958,29719.0,31235.0,La Guardia,40.777245,-73.872608,Charlotte Douglas Intl,35.214,-80.943139,2,2
227,LGA,DEN,2970,44057.0,44942.0,La Guardia,40.777245,-73.872608,Denver Intl,39.861655999999996,-104.67317800000001,2,2
228,LGA,DFW,5372,50736.0,45988.0,La Guardia,40.777245,-73.872608,Dallas Fort Worth Intl,32.896828,-97.037997,2,3
229,LGA,DTW,4601,41191.0,30927.0,La Guardia,40.777245,-73.872608,Detroit Metro Wayne Co,42.212444,-83.353389,2,2
230,LGA,IAH,3418,50384.0,42016.0,La Guardia,40.777245,-73.872608,George Bush Intercontinental,29.984433000000003,-95.341442,2,3
231,LGA,MCO,3158,41527.0,40129.0,La Guardia,40.777245,-73.872608,Orlando Intl,28.429394,-81.308994,2,2
232,LGA,MSP,2719,25094.0,23069.0,La Guardia,40.777245,-73.872608,Minneapolis St Paul Intl,44.881956,-93.221767,2,1
233,LGA,ORD,10862,175950.0,179710.0,La Guardia,40.777245,-73.872608,Chicago Ohare Intl,41.978603,-87.904842,2,3
234,LGA,SLC,24,26.0,-117.0,La Guardia,40.777245,-73.872608,Salt Lake City Intl,40.788389,-111.977772,2,1
235,MCO,ATL,9611,59748.0,85897.0,Orlando Intl,28.429394,-81.308994,Hartsfield Jackson Atlanta Intl,33.636719,-84.428067,2,3
236,MCO,BOS,3478,42574.0,33211.0,Orlando Intl,28.429394,-81.308994,General Edward Lawrence Logan Intl,42.364346999999995,-71.00518100000001,2,1
237,MCO,BWI,4926,46927.0,20204.0,Orlando Intl,28.429394,-81.308994,Baltimore Washington Intl,39.175360999999995,-76.66833299999999,2,1
238,MCO,CLT,3276,17148.0,4288.0,Orlando Intl,28.429394,-81.308994,Charlotte Douglas Intl,35.214,-80.943139,2,2
239,MCO,DEN,2997,22070.0,20650.0,Orlando Intl,28.429394,-81.308994,Denver Intl,39.861655999999996,-104.67317800000001,2,2
240,MCO,DFW,4114,46880.0,42791.0,Orlando Intl,28.429394,-81.308994,Dallas Fort Worth Intl,32.896828,-97.037997,2,3
241,MCO,DTW,3477,26969.0,15039.0,Orlando Intl,28.429394,-81.308994,Detroit Metro Wayne Co,42.212444,-83.353389,2,2
242,MCO,EWR,4977,120322.0,98309.0,Orlando Intl,28.429394,-81.308994,Newark Liberty Intl,40.6925,-74.168667,2,3
243,MCO,IAH,2499,17963.0,10923.0,Orlando Intl,28.429394,-81.308994,George Bush Intercontinental,29.984433000000003,-95.341442,2,3
244,MCO,JFK,5371,79486.0,74431.0,Orlando Intl,28.429394,-81.308994,John F Kennedy Intl,40.639751000000004,-73.778925,2,3
245,MCO,LAS,1077,6110.0,899.0,Orlando Intl,28.429394,-81.308994,Mc Carran Intl,36.080056,-115.15225,2,1
246,MCO,LAX,1725,16770.0,13928.0,Orlando Intl,28.429394,-81.308994,Los Angeles Intl,33.942536,-118.408075,2,2
247,MCO,LGA,3156,62155.0,59462.0,Orlando Intl,28.429394,-81.308994,La Guardia,40.777245,-73.872608,2,2
248,MCO,MSP,1929,11296.0,11447.0,Orlando Intl,28.429394,-81.308994,Minneapolis St Paul Intl,44.881956,-93.221767,2,1
249,MCO,ORD,3978,56523.0,56584.0,Orlando Intl,28.429394,-81.308994,Chicago Ohare Intl,41.978603,-87.904842,2,3
250,MCO,PHX,1038,7657.0,6711.0,Orlando Intl,28.429394,-81.308994,Phoenix Sky Harbor Intl,33.434278000000006,-112.011583,2,1
251,MCO,SEA,731,6223.0,4070.0,Orlando Intl,28.429394,-81.308994,Seattle Tacoma Intl,47.449,-122.309306,2,1
252,MCO,SFO,366,2669.0,2443.0,Orlando Intl,28.429394,-81.308994,San Francisco Intl,37.618972,-122.374889,2,3
253,MCO,SLC,685,2315.0,3489.0,Orlando Intl,28.429394,-81.308994,Salt Lake City Intl,40.788389,-111.977772,2,1
254,MSP,ATL,5369,41646.0,38379.0,Minneapolis St Paul Intl,44.881956,-93.221767,Hartsfield Jackson Atlanta Intl,33.636719,-84.428067,1,3
255,MSP,BOS,1563,12516.0,14212.0,Minneapolis St Paul Intl,44.881956,-93.221767,General Edward Lawrence Logan Intl,42.364346999999995,-71.00518100000001,1,1
256,MSP,BWI,1017,8140.0,8230.0,Minneapolis St Paul Intl,44.881956,-93.221767,Baltimore Washington Intl,39.175360999999995,-76.66833299999999,1,1
257,MSP,CLT,1814,3119.0,-2237.0,Minneapolis St Paul Intl,44.881956,-93.221767,Charlotte Douglas Intl,35.214,-80.943139,1,2
258,MSP,DEN,5374,35638.0,34182.0,Minneapolis St Paul Intl,44.881956,-93.221767,Denver Intl,39.861655999999996,-104.67317800000001,1,2
259,MSP,DFW,2851,20611.0,17264.0,Minneapolis St Paul Intl,44.881956,-93.221767,Dallas Fort Worth Intl,32.896828,-97.037997,1,3
260,MSP,DTW,5459,27047.0,20000.0,Minneapolis St Paul Intl,44.881956,-93.221767,Detroit Metro Wayne Co,42.212444,-83.353389,1,2
261,MSP,EWR,3144,73149.0,70330.0,Minneapolis St Paul Intl,44.881956,-93.221767,Newark Liberty Intl,40.6925,-74.168667,1,3
262,MSP,IAH,2451,18040.0,18263.0,Minneapolis St Paul Intl,44.881956,-93.221767,George Bush Intercontinental,29.984433000000003,-95.341442,1,3
263,MSP,JFK,1441,23156.0,32574.0,Minneapolis St Paul Intl,44.881956,-93.221767,John F Kennedy Intl,40.639751000000004,-73.778925,1,3
264,MSP,LAS,2461,14536.0,14842.0,Minneapolis St Paul Intl,44.881956,-93.221767,Mc Carran Intl,36.080056,-115.15225,1,1
265,MSP,LAX,2389,18953.0,22144.0,Minneapolis St Paul Intl,44.881956,-93.221767,Los Angeles Intl,33.942536,-118.408075,1,2
266,MSP,LGA,2723,41415.0,53759.0,Minneapolis St Paul Intl,44.881956,-93.221767,La Guardia,40.777245,-73.872608,1,2
267,MSP,MCO,1931,9605.0,13589.0,Minneapolis St Paul Intl,44.881956,-93.221767,Orlando Intl,28.429394,-81.308994,1,2
268,MSP,ORD,9356,103325.0,112991.0,Minneapolis St Paul Intl,44.881956,-93.221767,Chicago Ohare Intl,41.978603,-87.904842,1,3
269,MSP,PHX,3515,17352.0,16376.0,Minneapolis St Paul Intl,44.881956,-93.221767,Phoenix Sky Harbor Intl,33.434278000000006,-112.011583,1,1
270,MSP,SEA,2475,22410.0,26705.0,Minneapolis St Paul Intl,44.881956,-93.221767,Seattle Tacoma Intl,47.449,-122.309306,1,1
271,MSP,SFO,1909,27641.0,32936.0,Minneapolis St Paul Intl,44.881956,-93.221767,San Francisco Intl,37.618972,-122.374889,1,3
272,MSP,SLC,2197,13486.0,12157.0,Minneapolis St Paul Intl,44.881956,-93.221767,Salt Lake City Intl,40.788389,-111.977772,1,1
273,ORD,ATL,7449,116677.0,116186.0,Chicago Ohare Intl,41.978603,-87.904842,Hartsfield Jackson Atlanta Intl,33.636719,-84.428067,3,3
274,ORD,BOS,7133,140203.0,118416.0,Chicago Ohare Intl,41.978603,-87.904842,General Edward Lawrence Logan Intl,42.364346999999995,-71.00518100000001,3,1
275,ORD,BWI,3552,54410.0,45063.0,Chicago Ohare Intl,41.978603,-87.904842,Baltimore Washington Intl,39.175360999999995,-76.66833299999999,3,1
276,ORD,CLT,6013,91343.0,79059.0,Chicago Ohare Intl,41.978603,-87.904842,Charlotte Douglas Intl,35.214,-80.943139,3,2
277,ORD,DEN,5773,93489.0,91384.0,Chicago Ohare Intl,41.978603,-87.904842,Denver Intl,39.861655999999996,-104.67317800000001,3,2
278,ORD,DFW,8093,130323.0,118148.0,Chicago Ohare Intl,41.978603,-87.904842,Dallas Fort Worth Intl,32.896828,-97.037997,3,3
279,ORD,DTW,7602,103799.0,101057.0,Chicago Ohare Intl,41.978603,-87.904842,Detroit Metro Wayne Co,42.212444,-83.353389,3,2
280,ORD,EWR,7174,221793.0,180997.0,Chicago Ohare Intl,41.978603,-87.904842,Newark Liberty Intl,40.6925,-74.168667,3,3
281,ORD,IAH,5463,94477.0,83029.0,Chicago Ohare Intl,41.978603,-87.904842,George Bush Intercontinental,29.984433000000003,-95.341442,3,3
282,ORD,JFK,3684,70701.0,66228.0,Chicago Ohare Intl,41.978603,-87.904842,John F Kennedy Intl,40.639751000000004,-73.778925,3,3
283,ORD,LAS,5257,85292.0,77220.0,Chicago Ohare Intl,41.978603,-87.904842,Mc Carran Intl,36.080056,-115.15225,3,1
284,ORD,LAX,6974,132421.0,116586.0,Chicago Ohare Intl,41.978603,-87.904842,Los Angeles Intl,33.942536,-118.408075,3,2
285,ORD,LGA,10770,226044.0,209318.0,Chicago Ohare Intl,41.978603,-87.904842,La Guardia,40.777245,-73.872608,3,2
286,ORD,MCO,3798,65130.0,60167.0,Chicago Ohare Intl,41.978603,-87.904842,Orlando Intl,28.429394,-81.308994,3,2
287,ORD,MSP,9688,133851.0,109971.0,Chicago Ohare Intl,41.978603,-87.904842,Minneapolis St Paul Intl,44.881956,-93.221767,3,1
288,ORD,PHX,5124,77545.0,70225.0,Chicago Ohare Intl,41.978603,-87.904842,Phoenix Sky Harbor Intl,33.434278000000006,-112.011583,3,1
289,ORD,SEA,4802,89614.0,77541.0,Chicago Ohare Intl,41.978603,-87.904842,Seattle Tacoma Intl,47.449,-122.309306,3,1
290,ORD,SFO,5524,105047.0,98617.0,Chicago Ohare Intl,41.978603,-87.904842,San Francisco Intl,37.618972,-122.374889,3,3
291,ORD,SLC,2860,53946.0,54104.0,Chicago Ohare Intl,41.978603,-87.904842,Salt Lake City Intl,40.788389,-111.977772,3,1
292,PHX,ATL,4607,22970.0,-398.0,Phoenix Sky Harbor Intl,33.434278000000006,-112.011583,Hartsfield Jackson Atlanta Intl,33.636719,-84.428067,1,3
293,PHX,BOS,1067,7896.0,657.0,Phoenix Sky Harbor Intl,33.434278000000006,-112.011583,General Edward Lawrence Logan Intl,42.364346999999995,-71.00518100000001,1,1
294,PHX,BWI,2103,18981.0,-2496.0,Phoenix Sky Harbor Intl,33.434278000000006,-112.011583,Baltimore Washington Intl,39.175360999999995,-76.66833299999999,1,1
295,PHX,CLT,2183,21282.0,8405.0,Phoenix Sky Harbor Intl,33.434278000000006,-112.011583,Charlotte Douglas Intl,35.214,-80.943139,1,2
296,PHX,DEN,8402,60219.0,36075.0,Phoenix Sky Harbor Intl,33.434278000000006,-112.011583,Denver Intl,39.861655999999996,-104.67317800000001,1,2
297,PHX,DFW,5387,32056.0,15061.0,Phoenix Sky Harbor Intl,33.434278000000006,-112.011583,Dallas Fort Worth Intl,32.896828,-97.037997,1,3
298,PHX,DTW,2929,16568.0,3331.0,Phoenix Sky Harbor Intl,33.434278000000006,-112.011583,Detroit Metro Wayne Co,42.212444,-83.353389,1,2
299,PHX,EWR,2579,43826.0,30203.0,Phoenix Sky Harbor Intl,33.434278000000006,-112.011583,Newark Liberty Intl,40.6925,-74.168667,1,3
300,PHX,IAH,4197,33160.0,19680.0,Phoenix Sky Harbor Intl,33.434278000000006,-112.011583,George Bush Intercontinental,29.984433000000003,-95.341442,1,3
301,PHX,JFK,2256,32216.0,22353.0,Phoenix Sky Harbor Intl,33.434278000000006,-112.011583,John F Kennedy Intl,40.639751000000004,-73.778925,1,3
302,PHX,LAS,10337,97181.0,98021.0,Phoenix Sky Harbor Intl,33.434278000000006,-112.011583,Mc Carran Intl,36.080056,-115.15225,1,1
303,PHX,LAX,9992,80101.0,57876.0,Phoenix Sky Harbor Intl,33.434278000000006,-112.011583,Los Angeles Intl,33.942536,-118.408075,1,2
304,PHX,MCO,1039,6637.0,-2701.0,Phoenix Sky Harbor Intl,33.434278000000006,-112.011583,Orlando Intl,28.429394,-81.308994,1,2
305,PHX,MSP,3508,20795.0,10880.0,Phoenix Sky Harbor Intl,33.434278000000006,-112.011583,Minneapolis St Paul Intl,44.881956,-93.221767,1,1
306,PHX,ORD,5130,82394.0,61950.0,Phoenix Sky Harbor Intl,33.434278000000006,-112.011583,Chicago Ohare Intl,41.978603,-87.904842,1,3
307,PHX,SEA,5072,45521.0,31128.0,Phoenix Sky Harbor Intl,33.434278000000006,-112.011583,Seattle Tacoma Intl,47.449,-122.309306,1,1
308,PHX,SFO,4884,69130.0,52119.0,Phoenix Sky Harbor Intl,33.434278000000006,-112.011583,San Francisco Intl,37.618972,-122.374889,1,3
309,PHX,SLC,7177,49453.0,25612.0,Phoenix Sky Harbor Intl,33.434278000000006,-112.011583,Salt Lake City Intl,40.788389,-111.977772,1,1
310,SEA,ATL,2571,15640.0,5557.0,Seattle Tacoma Intl,47.449,-122.309306,Hartsfield Jackson Atlanta Intl,33.636719,-84.428067,1,3
311,SEA,BOS,980,3786.0,943.0,Seattle Tacoma Intl,47.449,-122.309306,General Edward Lawrence Logan Intl,42.364346999999995,-71.00518100000001,1,1
312,SEA,BWI,242,3656.0,3150.0,Seattle Tacoma Intl,47.449,-122.309306,Baltimore Washington Intl,39.175360999999995,-76.66833299999999,1,1
313,SEA,CLT,480,5790.0,4492.0,Seattle Tacoma Intl,47.449,-122.309306,Charlotte Douglas Intl,35.214,-80.943139,1,2
314,SEA,DEN,6623,58697.0,30787.0,Seattle Tacoma Intl,47.449,-122.309306,Denver Intl,39.861655999999996,-104.67317800000001,1,2
315,SEA,DFW,3917,45656.0,35060.0,Seattle Tacoma Intl,47.449,-122.309306,Dallas Fort Worth Intl,32.896828,-97.037997,1,3
316,SEA,DTW,1172,10007.0,7192.0,Seattle Tacoma Intl,47.449,-122.309306,Detroit Metro Wayne Co,42.212444,-83.353389,1,2
317,SEA,EWR,2026,30163.0,22900.0,Seattle Tacoma Intl,47.449,-122.309306,Newark Liberty Intl,40.6925,-74.168667,1,3
318,SEA,IAH,2395,29247.0,19276.0,Seattle Tacoma Intl,47.449,-122.309306,George Bush Intercontinental,29.984433000000003,-95.341442,1,3
319,SEA,JFK,1852,10479.0,6438.0,Seattle Tacoma Intl,47.449,-122.309306,John F Kennedy Intl,40.639751000000004,-73.778925,1,3
320,SEA,LAS,5051,40789.0,20570.0,Seattle Tacoma Intl,47.449,-122.309306,Mc Carran Intl,36.080056,-115.15225,1,1
321,SEA,LAX,6865,46669.0,16258.0,Seattle Tacoma Intl,47.449,-122.309306,Los Angeles Intl,33.942536,-118.408075,1,2
322,SEA,MCO,731,2117.0,-423.0,Seattle Tacoma Intl,47.449,-122.309306,Orlando Intl,28.429394,-81.308994,1,2
323,SEA,MSP,2474,21154.0,20538.0,Seattle Tacoma Intl,47.449,-122.309306,Minneapolis St Paul Intl,44.881956,-93.221767,1,1
324,SEA,ORD,4608,77244.0,65657.0,Seattle Tacoma Intl,47.449,-122.309306,Chicago Ohare Intl,41.978603,-87.904842,1,3
325,SEA,PHX,5062,29391.0,5569.0,Seattle Tacoma Intl,47.449,-122.309306,Phoenix Sky Harbor Intl,33.434278000000006,-112.011583,1,1
326,SEA,SFO,5409,77386.0,62084.0,Seattle Tacoma Intl,47.449,-122.309306,San Francisco Intl,37.618972,-122.374889,1,3
327,SEA,SLC,3774,34293.0,21538.0,Seattle Tacoma Intl,47.449,-122.309306,Salt Lake City Intl,40.788389,-111.977772,1,1
328,SFO,ATL,3098,25064.0,7957.0,San Francisco Intl,37.618972,-122.374889,Hartsfield Jackson Atlanta Intl,33.636719,-84.428067,3,3
329,SFO,BOS,2594,39220.0,24795.0,San Francisco Intl,37.618972,-122.374889,General Edward Lawrence Logan Intl,42.364346999999995,-71.00518100000001,3,1
330,SFO,BWI,366,8786.0,5138.0,San Francisco Intl,37.618972,-122.374889,Baltimore Washington Intl,39.175360999999995,-76.66833299999999,3,1
331,SFO,CLT,1429,7003.0,-1691.0,San Francisco Intl,37.618972,-122.374889,Charlotte Douglas Intl,35.214,-80.943139,3,2
332,SFO,DEN,5374,62741.0,51649.0,San Francisco Intl,37.618972,-122.374889,Denver Intl,39.861655999999996,-104.67317800000001,3,2
333,SFO,DFW,3487,52161.0,35360.0,San Francisco Intl,37.618972,-122.374889,Dallas Fort Worth Intl,32.896828,-97.037997,3,3
334,SFO,DTW,1160,2557.0,-1172.0,San Francisco Intl,37.618972,-122.374889,Detroit Metro Wayne Co,42.212444,-83.353389,3,2
335,SFO,EWR,3137,59753.0,42890.0,San Francisco Intl,37.618972,-122.374889,Newark Liberty Intl,40.6925,-74.168667,3,3
336,SFO,IAH,2660,29419.0,18643.0,San Francisco Intl,37.618972,-122.374889,George Bush Intercontinental,29.984433000000003,-95.341442,3,3
337,SFO,JFK,6971,108577.0,93975.0,San Francisco Intl,37.618972,-122.374889,John F Kennedy Intl,40.639751000000004,-73.778925,3,3
338,SFO,LAS,7007,85328.0,73444.0,San Francisco Intl,37.618972,-122.374889,Mc Carran Intl,36.080056,-115.15225,3,1
339,SFO,LAX,13788,169062.0,125374.0,San Francisco Intl,37.618972,-122.374889,Los Angeles Intl,33.942536,-118.408075,3,2
340,SFO,MCO,366,6973.0,5107.0,San Francisco Intl,37.618972,-122.374889,Orlando Intl,28.429394,-81.308994,3,2
341,SFO,MSP,1984,6784.0,5146.0,San Francisco Intl,37.618972,-122.374889,Minneapolis St Paul Intl,44.881956,-93.221767,3,1
342,SFO,ORD,5746,100756.0,81607.0,San Francisco Intl,37.618972,-122.374889,Chicago Ohare Intl,41.978603,-87.904842,3,3
343,SFO,PHX,4870,32235.0,9583.0,San Francisco Intl,37.618972,-122.374889,Phoenix Sky Harbor Intl,33.434278000000006,-112.011583,3,1
344,SFO,SEA,5414,80216.0,74488.0,San Francisco Intl,37.618972,-122.374889,Seattle Tacoma Intl,47.449,-122.309306,3,1
345,SFO,SLC,4064,53437.0,48350.0,San Francisco Intl,37.618972,-122.374889,Salt Lake City Intl,40.788389,-111.977772,3,1
346,SLC,ATL,2866,18680.0,10319.0,Salt Lake City Intl,40.788389,-111.977772,Hartsfield Jackson Atlanta Intl,33.636719,-84.428067,1,3
347,SLC,BOS,707,3649.0,2312.0,Salt Lake City Intl,40.788389,-111.977772,General Edward Lawrence Logan Intl,42.364346999999995,-71.00518100000001,1,1
348,SLC,BWI,728,5185.0,-32.0,Salt Lake City Intl,40.788389,-111.977772,Baltimore Washington Intl,39.175360999999995,-76.66833299999999,1,1
349,SLC,CLT,211,941.0,263.0,Salt Lake City Intl,40.788389,-111.977772,Charlotte Douglas Intl,35.214,-80.943139,1,2
350,SLC,DEN,9269,64388.0,37268.0,Salt Lake City Intl,40.788389,-111.977772,Denver Intl,39.861655999999996,-104.67317800000001,1,2
351,SLC,DFW,3149,21360.0,15302.0,Salt Lake City Intl,40.788389,-111.977772,Dallas Fort Worth Intl,32.896828,-97.037997,1,3
352,SLC,DTW,573,534.0,-1264.0,Salt Lake City Intl,40.788389,-111.977772,Detroit Metro Wayne Co,42.212444,-83.353389,1,2
353,SLC,EWR,812,13482.0,9048.0,Salt Lake City Intl,40.788389,-111.977772,Newark Liberty Intl,40.6925,-74.168667,1,3
354,SLC,IAH,2698,20784.0,-524.0,Salt Lake City Intl,40.788389,-111.977772,George Bush Intercontinental,29.984433000000003,-95.341442,1,3
355,SLC,JFK,1784,9782.0,10012.0,Salt Lake City Intl,40.788389,-111.977772,John F Kennedy Intl,40.639751000000004,-73.778925,1,3
356,SLC,LAS,5373,41636.0,28861.0,Salt Lake City Intl,40.788389,-111.977772,Mc Carran Intl,36.080056,-115.15225,1,1
357,SLC,LAX,5178,34928.0,17635.0,Salt Lake City Intl,40.788389,-111.977772,Los Angeles Intl,33.942536,-118.408075,1,2
358,SLC,LGA,24,153.0,300.0,Salt Lake City Intl,40.788389,-111.977772,La Guardia,40.777245,-73.872608,1,2
359,SLC,MCO,687,2751.0,-877.0,Salt Lake City Intl,40.788389,-111.977772,Orlando Intl,28.429394,-81.308994,1,2
360,SLC,MSP,2191,9199.0,6593.0,Salt Lake City Intl,40.788389,-111.977772,Minneapolis St Paul Intl,44.881956,-93.221767,1,1
361,SLC,ORD,2863,38062.0,35527.0,Salt Lake City Intl,40.788389,-111.977772,Chicago Ohare Intl,41.978603,-87.904842,1,3
362,SLC,PHX,7168,41984.0,16308.0,Salt Lake City Intl,40.788389,-111.977772,Phoenix Sky Harbor Intl,33.434278000000006,-112.011583,1,1
363,SLC,SEA,3771,27569.0,19915.0,Salt Lake City Intl,40.788389,-111.977772,Seattle Tacoma Intl,47.449,-122.309306,1,1
364,SLC,SFO,3705,57086.0,66473.0,Salt Lake City Intl,40.788389,-111.977772,San Francisco Intl,37.618972,-122.374889,1,3
