Date,UniqueCarrier,Cancelled,Flights,DepDelay
1/1/2004,AA,2300,60893,11.97859813
1/1/2004,AS,1019,13281,10.43687816
1/1/2004,B6,24,6784,7.539497041
1/1/2004,CO,240,24391,3.432321643
1/1/2004,DH,1583,23302,17.17104839
1/1/2004,DL,1265,56745,5.746971882
1/1/2004,EV,594,22858,7.29257995
1/1/2004,FL,160,12558,8.127117277
1/1/2004,HA,28,3879,2.394702675
1/1/2004,HP,314,16278,6.912427963
1/1/2004,MQ,2481,38276,10.53554966
1/1/2004,NW,828,40977,4.4232484
1/1/2004,OH,1345,30892,11.02941077
1/1/2004,OO,1385,36623,10.81105625
1/1/2004,TZ,151,6603,13.03363298
1/1/2004,UA,1017,45809,11.17808984
1/1/2004,US,549,34395,4.803580925
1/1/2004,WN,1690,81107,7.405958422
1/1/2004,XE,638,28336,4.330565384
2/1/2004,AA,1174,57000,7.945813779
2/1/2004,AS,250,12481,6.03965334
2/1/2004,B6,7,6726,2.763655306
2/1/2004,CO,90,23741,2.773286542
2/1/2004,DH,607,22254,10.25084307
2/1/2004,DL,1097,54423,9.80996137
2/1/2004,EV,706,20692,11.7208546
2/1/2004,FL,135,12185,15.19427386
2/1/2004,HA,34,3743,4.377460232
2/1/2004,HP,274,15393,8.517494543
2/1/2004,MQ,886,35762,6.103566923
2/1/2004,NW,581,39750,2.698230744
2/1/2004,OH,934,29292,8.896748713
2/1/2004,OO,818,34441,8.915801683
2/1/2004,TZ,135,6314,2.899174624
2/1/2004,UA,312,42675,4.295092416
2/1/2004,US,380,32019,3.803723253
2/1/2004,WN,944,77190,8.883285681
2/1/2004,XE,117,27795,2.190151022
3/1/2004,AA,952,61062,7.122641823
3/1/2004,AS,220,13670,6.216802974
3/1/2004,B6,3,7365,4.643846781
3/1/2004,CO,145,26727,3.963132947
3/1/2004,DH,577,24351,13.2904854
3/1/2004,DL,391,58796,3.240030819
3/1/2004,EV,260,22133,4.023727884
3/1/2004,FL,79,13284,6.53108671
3/1/2004,HA,16,4052,2.114222002
3/1/2004,HP,228,16816,7.558476007
3/1/2004,MQ,1346,39445,8.397516995
3/1/2004,NW,513,43927,2.789077256
3/1/2004,OH,572,31328,5.125308883
3/1/2004,OO,586,36565,5.511631785
3/1/2004,TZ,63,6723,3.941291291
3/1/2004,UA,321,46512,6.741140049
3/1/2004,US,290,34269,3.746578769
3/1/2004,WN,602,83152,7.754730466
3/1/2004,XE,439,31235,3.372808157
4/1/2004,AA,331,58537,4.363639487
4/1/2004,AS,166,13318,3.559610706
4/1/2004,B6,3,7428,3.040808081
4/1/2004,CO,41,25625,5.308122264
4/1/2004,DH,352,23214,7.776310034
4/1/2004,DL,350,57197,3.263637483
4/1/2004,EV,248,22410,5.170517101
4/1/2004,FL,22,12919,5.745909902
4/1/2004,HA,8,3918,-0.246803069
4/1/2004,HP,294,16095,6.287513449
4/1/2004,MQ,755,38982,5.087555916
4/1/2004,NW,357,41903,1.717734559
4/1/2004,OH,324,30313,4.858548134
4/1/2004,OO,343,35277,5.189185321
4/1/2004,TZ,19,6400,0.425952045
4/1/2004,UA,162,45309,3.038895165
4/1/2004,US,127,33388,3.980487658
4/1/2004,WN,369,80174,8.971906522
4/1/2004,XE,214,30563,2.697288214
5/1/2004,AA,1254,59011,7.729677788
5/1/2004,AS,198,14224,4.478825039
5/1/2004,B6,2,7335,3.675167053
5/1/2004,CO,247,25263,8.620842661
5/1/2004,DH,961,23538,16.53364043
5/1/2004,DL,606,58499,8.227488643
5/1/2004,EV,368,22793,8.911705686
5/1/2004,FL,52,13139,9.979216016
5/1/2004,HA,8,3976,-1.575856855
5/1/2004,HP,212,16487,5.620030722
5/1/2004,MQ,2206,40422,10.76164434
5/1/2004,NW,685,42752,5.824636889
5/1/2004,OH,697,31452,9.0678914
5/1/2004,OO,515,36370,5.880853437
5/1/2004,TZ,17,6407,5.700312989
5/1/2004,UA,652,46630,11.22475967
5/1/2004,US,332,33600,5.569646507
5/1/2004,WN,580,81862,10.67225216
5/1/2004,XE,789,30697,7.578239936
6/1/2004,AA,644,58312,13.52540404
6/1/2004,AS,302,14880,10.46535876
6/1/2004,B6,0,7274,6.276189167
6/1/2004,CO,114,24928,12.4297574
6/1/2004,DH,637,18960,16.0775528
6/1/2004,DL,560,57640,12.87112824
6/1/2004,EV,840,22577,17.41859502
6/1/2004,FL,86,13016,16.35854602
6/1/2004,HA,5,4162,-0.337984123
6/1/2004,HP,262,16560,10.53288747
6/1/2004,MQ,1580,39879,13.21522755
6/1/2004,NW,481,42930,7.647883342
6/1/2004,OH,714,30128,10.83361665
6/1/2004,OO,510,37547,8.43019143
6/1/2004,TZ,18,6486,5.414502165
6/1/2004,UA,549,47663,9.178991383
6/1/2004,US,394,33464,8.950408225
6/1/2004,WN,536,81495,13.05511432
6/1/2004,XE,564,30891,9.926764929
7/1/2004,AA,944,59511,11.80548773
7/1/2004,AS,165,15595,9.109202852
7/1/2004,B6,2,7720,8.526302151
7/1/2004,CO,148,25529,9.959142666
7/1/2004,DH,882,22516,16.831885
7/1/2004,DL,561,58536,9.088106943
7/1/2004,EV,465,23999,11.63916036
7/1/2004,FL,157,14478,10.92528455
7/1/2004,HA,7,4445,-1.789319513
7/1/2004,HP,258,16735,8.551253262
7/1/2004,MQ,1819,41586,11.50878869
7/1/2004,NW,561,44632,7.208005264
7/1/2004,OH,1017,30834,11.38890566
7/1/2004,OO,582,40579,7.551291347
7/1/2004,TZ,58,6623,11.46031988
7/1/2004,UA,605,49860,10.11381586
7/1/2004,US,631,34923,10.28700572
7/1/2004,WN,454,84000,12.50028727
7/1/2004,XE,816,32065,8.571826298
8/1/2004,AA,1233,59954,13.55739855
8/1/2004,AS,210,15584,10.00995187
8/1/2004,B6,50,7799,11.45218738
8/1/2004,CO,159,25521,5.197460768
8/1/2004,DH,775,23278,10.02270808
8/1/2004,DL,785,58784,7.462507974
8/1/2004,EV,443,24339,7.842944426
8/1/2004,FL,201,14700,7.975584523
8/1/2004,HA,19,4469,-1.246292135
8/1/2004,HP,198,16456,9.007688523
8/1/2004,MQ,1465,42016,9.0453503
8/1/2004,NW,490,44892,4.060312599
8/1/2004,OH,752,31116,8.360887894
8/1/2004,OO,517,42074,3.75883726
8/1/2004,TZ,60,6742,4.593385214
8/1/2004,UA,666,50837,7.445018038
8/1/2004,US,874,36109,10.19171279
8/1/2004,WN,806,85627,11.40914396
8/1/2004,XE,460,32810,4.740958269
9/1/2004,AA,1985,54263,2.731741842
9/1/2004,AS,235,13856,6.708391454
9/1/2004,B6,415,7239,2.192848769
9/1/2004,CO,551,23161,2.528350287
9/1/2004,DH,595,23598,4.129591792
9/1/2004,DL,3112,55557,7.100390886
9/1/2004,EV,1340,23763,7.892788655
9/1/2004,FL,808,13324,10.24041227
9/1/2004,HA,11,3810,-2.297973151
9/1/2004,HP,336,15904,5.619347379
9/1/2004,MQ,1077,40871,2.61112228
9/1/2004,NW,642,39751,1.296402363
9/1/2004,OH,1045,30297,5.874367565
9/1/2004,OO,701,40869,1.787915754
9/1/2004,TZ,137,5569,-0.846097202
9/1/2004,UA,778,45832,1.947662805
9/1/2004,US,1489,35671,4.11269089
9/1/2004,WN,2246,82447,6.389483922
9/1/2004,XE,466,29343,0.927485542
10/1/2004,AA,358,56526,6.03845606
10/1/2004,AS,260,13753,6.415030016
10/1/2004,B6,4,7861,3.376988673
10/1/2004,CO,14,24530,1.10336107
10/1/2004,DH,593,24317,5.856305851
10/1/2004,DL,310,57967,5.592642697
10/1/2004,EV,639,24572,10.75389629
10/1/2004,FL,70,14106,5.543815902
10/1/2004,HA,5,3856,-1.987795378
10/1/2004,HP,203,16553,7.770519878
10/1/2004,MQ,1090,42381,5.702961905
10/1/2004,NW,209,41897,2.15875072
10/1/2004,OH,517,31597,8.151319176
10/1/2004,OO,820,41665,4.488431877
10/1/2004,TZ,22,6234,1.415969092
10/1/2004,UA,386,47012,3.753120577
10/1/2004,US,504,38102,5.300973456
10/1/2004,WN,614,85621,9.480760408
10/1/2004,XE,77,31487,1.32585164
11/1/2004,AA,368,55140,7.867943475
11/1/2004,AS,284,12949,13.36533754
11/1/2004,B6,1,7871,4.115120712
11/1/2004,CO,27,24555,6.654394977
11/1/2004,DH,190,18378,5.771222784
11/1/2004,DL,481,55940,8.73447051
11/1/2004,EV,764,24163,15.14556178
11/1/2004,FL,96,13976,11.08357349
11/1/2004,HA,9,3796,-0.337206232
11/1/2004,HP,246,16101,8.772753075
11/1/2004,MQ,1568,40839,7.952611342
11/1/2004,NW,231,41680,2.07848199
11/1/2004,OH,434,32440,6.702149597
11/1/2004,OO,1077,39864,5.451749297
11/1/2004,TZ,4,5508,3.298873547
11/1/2004,UA,337,43060,6.290405636
11/1/2004,US,335,36544,7.228202933
11/1/2004,WN,430,81460,10.49626064
11/1/2004,XE,455,30346,6.743233749
12/1/2004,AA,859,58339,12.90831594
12/1/2004,AS,361,13401,21.41687117
12/1/2004,B6,0,8432,15.30597723
12/1/2004,CO,122,25358,9.121730861
12/1/2004,DH,535,17249,14.80345818
12/1/2004,DL,1199,57554,11.11956348
12/1/2004,EV,875,24562,13.71727108
12/1/2004,FL,147,14873,12.5334782
12/1/2004,HA,12,3971,-1.237433695
12/1/2004,HP,283,16561,11.38401524
12/1/2004,MQ,1514,42629,10.84334185
12/1/2004,NW,432,42195,7.96274214
12/1/2004,OH,5265,33657,15.41634968
12/1/2004,OO,1930,41574,11.97540611
12/1/2004,TZ,33,5924,6.782549652
12/1/2004,UA,763,44613,11.31083238
12/1/2004,US,874,37435,13.48466946
12/1/2004,WN,832,86269,14.38018657
12/1/2004,XE,1068,32135,10.83889658
1/1/2005,AA,2228,57700,12.70628425
1/1/2005,AS,398,13154,11.82572907
1/1/2005,B6,233,8459,14.11937758
1/1/2005,CO,318,23046,5.637627596
1/1/2005,DH,1170,16279,6.894632338
1/1/2005,DL,3316,57931,7.991614025
1/1/2005,EV,2019,24835,13.11654102
1/1/2005,FL,626,14854,14.24873489
1/1/2005,HA,21,3928,-0.846429486
1/1/2005,HP,452,16255,10.68891983
1/1/2005,MQ,3152,43009,10.69297739
1/1/2005,NW,898,40432,7.18996307
1/1/2005,OH,2365,33338,12.84534918
1/1/2005,OO,2145,41443,11.31322205
1/1/2005,TZ,118,5229,3.946585795
1/1/2005,UA,1208,41537,15.51997322
1/1/2005,US,1799,37507,11.60412233
1/1/2005,WN,1759,85903,12.60925319
1/1/2005,XE,859,30085,6.84927804
2/1/2005,AA,736,52197,6.696080527
2/1/2005,AS,206,11956,11.39489362
2/1/2005,B6,10,7835,9.198466454
2/1/2005,CO,120,21768,6.072524021
2/1/2005,DH,97,11653,5.262028384
2/1/2005,DL,1188,55015,6.730042544
2/1/2005,EV,1360,22594,15.01092587
2/1/2005,FL,144,13714,14.76801769
2/1/2005,HA,1,3553,-1.540259009
2/1/2005,HP,215,14755,8.474140303
2/1/2005,MQ,1116,39900,4.999278053
2/1/2005,NW,518,37809,5.44268054
2/1/2005,OH,972,30227,6.53197744
2/1/2005,OO,742,38537,5.224130176
2/1/2005,TZ,53,4169,2.490281827
2/1/2005,UA,260,37155,7.593657677
2/1/2005,US,722,36011,9.794185157
2/1/2005,WN,565,78220,10.76967356
2/1/2005,XE,480,28264,4.586668586
3/1/2005,AA,473,58466,9.062662735
3/1/2005,AS,196,13233,12.4235637
3/1/2005,B6,89,9196,14.20061491
3/1/2005,CO,142,26680,8.619941216
3/1/2005,DH,117,13263,6.470637456
3/1/2005,DL,1450,60784,10.49528095
3/1/2005,EV,1201,26005,12.84591195
3/1/2005,FL,162,15797,21.36866006
3/1/2005,HA,6,3921,1.998467433
3/1/2005,HP,165,16684,5.598462377
3/1/2005,MQ,1344,44844,5.557011494
3/1/2005,NW,562,44090,6.713655578
3/1/2005,OH,1267,33124,7.510060583
3/1/2005,OO,654,44527,5.490689034
3/1/2005,TZ,40,4181,5.614585849
3/1/2005,UA,212,40633,8.814972415
3/1/2005,US,997,40742,14.01305825
3/1/2005,WN,672,87562,10.67264357
3/1/2005,XE,420,33808,5.183119684
4/1/2005,AA,358,55773,5.144780294
4/1/2005,AS,236,12753,10.62578893
4/1/2005,B6,43,9241,5.48630137
4/1/2005,CO,52,24826,4.304593525
4/1/2005,DH,151,13127,3.490675092
4/1/2005,DL,1016,57967,4.982212779
4/1/2005,EV,950,25326,9.524327207
4/1/2005,FL,148,15737,10.89909552
4/1/2005,HA,5,3889,-1.097064882
4/1/2005,HP,104,16196,3.860551827
4/1/2005,MQ,987,43778,4.197728494
4/1/2005,NW,317,42625,2.541268791
4/1/2005,OH,641,32047,3.394988219
4/1/2005,OO,774,42789,2.679424015
4/1/2005,TZ,16,3616,-0.598888889
4/1/2005,UA,734,39119,4.002370718
4/1/2005,US,459,38419,5.955795574
4/1/2005,WN,285,84517,6.309431095
4/1/2005,XE,256,32747,2.314179311
5/1/2005,AA,238,57228,6.40882611
5/1/2005,AS,301,12796,21.63689476
5/1/2005,B6,0,8899,4.49252725
5/1/2005,CO,44,24808,3.795994185
5/1/2005,DH,39,12666,5.172408331
5/1/2005,DL,759,59031,3.832269357
5/1/2005,EV,729,26209,8.677315542
5/1/2005,F9,10,6269,5.489535069
5/1/2005,FL,80,16603,8.244931308
5/1/2005,HA,6,4019,-2.000996761
5/1/2005,HP,163,16953,4.469922573
5/1/2005,MQ,1083,45943,5.393089612
5/1/2005,NW,183,42514,2.162552267
5/1/2005,OH,375,32582,2.627534387
5/1/2005,OO,561,43786,2.675951417
5/1/2005,TZ,17,3587,-0.872268908
5/1/2005,UA,453,41045,7.825729208
5/1/2005,US,339,37994,3.669419732
5/1/2005,WN,322,87862,7.154900617
5/1/2005,XE,175,34008,2.432240712
6/1/2005,AA,400,57142,12.74822883
6/1/2005,AS,426,13799,27.85141703
6/1/2005,B6,20,8906,12.05514292
6/1/2005,CO,104,25017,8.702645205
6/1/2005,DH,345,12031,15.3292829
6/1/2005,DL,1390,56692,9.394868178
6/1/2005,EV,1109,26344,14.10378443
6/1/2005,F9,1,6406,7.440437158
6/1/2005,FL,149,16547,18.71673375
6/1/2005,HA,8,4137,-0.496730443
6/1/2005,HP,166,16726,6.44057971
6/1/2005,MQ,1234,44866,8.864388522
6/1/2005,NW,510,42589,9.737612586
6/1/2005,OH,1046,31591,6.692453757
6/1/2005,OO,519,43287,5.926112982
6/1/2005,TZ,36,3688,6.581051479
6/1/2005,UA,533,40962,14.96282372
6/1/2005,US,896,36805,12.66067003
6/1/2005,WN,336,86593,11.26780435
6/1/2005,XE,688,35067,7.103871549
7/1/2005,AA,820,59726,18.03948664
7/1/2005,AS,99,14317,17.21001547
7/1/2005,B6,47,9546,17.53974103
7/1/2005,CO,152,25851,16.11837036
7/1/2005,DH,415,12463,16.71796149
7/1/2005,DL,2101,58284,16.63109837
7/1/2005,EV,1764,26727,19.48704082
7/1/2005,F9,17,7119,7.566882568
7/1/2005,FL,142,17465,27.362062
7/1/2005,HA,4,4400,-1.033894449
7/1/2005,HP,257,17307,10.16158358
7/1/2005,MQ,1786,45669,12.59223389
7/1/2005,NW,1051,44261,12.29706087
7/1/2005,OH,1296,33290,8.8154654
7/1/2005,OO,674,44077,5.139575605
7/1/2005,TZ,40,3806,10.26978226
7/1/2005,UA,618,42173,14.19812297
7/1/2005,US,819,36707,16.08526527
7/1/2005,WN,443,88726,14.66642502
7/1/2005,XE,1306,36047,13.90780346
8/1/2005,AA,1144,58955,10.9700749
8/1/2005,AS,139,14368,14.93323494
8/1/2005,B6,64,9585,7.751916815
8/1/2005,CO,232,25976,9.47117775
8/1/2005,DH,347,12343,5.615038346
8/1/2005,DL,1828,58111,12.43062737
8/1/2005,EV,2181,27117,19.3840231
8/1/2005,F9,16,6937,4.918942349
8/1/2005,FL,281,17316,20.83751101
8/1/2005,HA,3,4382,-1.897465175
8/1/2005,HP,147,17419,6.660027791
8/1/2005,MQ,1468,46605,9.05370317
8/1/2005,NW,1236,42446,13.87265227
8/1/2005,OH,911,34249,7.210480533
8/1/2005,OO,443,45063,4.907866428
8/1/2005,TZ,11,3793,4.533580116
8/1/2005,UA,486,42077,7.449712678
8/1/2005,US,724,36828,7.204935741
8/1/2005,WN,995,90569,11.28056132
8/1/2005,XE,796,36765,8.875309294
9/1/2005,AA,806,53453,5.788572948
9/1/2005,AS,143,13146,7.315465662
9/1/2005,B6,51,8624,2.709669894
9/1/2005,CO,1008,22803,3.948428539
9/1/2005,DH,30,10093,0.141806618
9/1/2005,DL,1937,49866,2.740115588
9/1/2005,EV,716,25470,8.889108831
9/1/2005,F9,42,6568,0.064664419
9/1/2005,FL,174,15095,4.734803297
9/1/2005,HA,5,3957,-1.644483806
9/1/2005,HP,202,16211,4.076831782
9/1/2005,MQ,1039,44408,5.160391063
9/1/2005,NW,492,37149,8.11495758
9/1/2005,OH,436,31990,3.249857387
9/1/2005,OO,363,42785,2.928810523
9/1/2005,TZ,30,3296,2.817513778
9/1/2005,UA,391,39412,4.746444222
9/1/2005,US,474,32452,1.802770655
9/1/2005,WN,1021,84591,7.553835108
9/1/2005,XE,2172,32884,3.793598593
10/1/2005,AA,1297,54507,5.576940425
10/1/2005,AS,193,13286,4.899411899
10/1/2005,B6,294,9418,9.006356861
10/1/2005,CO,363,25015,8.543404186
10/1/2005,DH,111,9814,2.723590642
10/1/2005,DL,1576,51441,4.464995488
10/1/2005,EV,649,26096,10.17817424
10/1/2005,F9,59,6750,5.420116575
10/1/2005,FL,267,16954,11.2268832
10/1/2005,HA,0,4029,-1.315214693
10/1/2005,HP,214,16688,5.14786937
10/1/2005,MQ,1000,45212,5.041165294
10/1/2005,NW,473,35779,6.981419589
10/1/2005,OH,641,32929,4.247367443
10/1/2005,OO,496,44830,3.423873325
10/1/2005,TZ,61,3441,5
10/1/2005,UA,400,40830,6.053796686
10/1/2005,US,675,32997,5.413681084
10/1/2005,WN,874,87943,9.668343498
10/1/2005,XE,832,34753,7.581704549
11/1/2005,AA,223,53461,6.737518314
11/1/2005,AS,121,12387,8.446029676
11/1/2005,B6,2,10158,8.226270185
11/1/2005,CO,34,24519,6.478619563
11/1/2005,DH,24,6265,2.542381029
11/1/2005,DL,376,47747,7.00016888
11/1/2005,EV,469,24839,11.29540419
11/1/2005,F9,9,6373,3.04902577
11/1/2005,FL,81,17035,11.40486021
11/1/2005,HA,9,3898,-2.069683723
11/1/2005,HP,157,16039,5.373189775
11/1/2005,MQ,774,43016,7.555442451
11/1/2005,NW,351,35093,7.359449657
11/1/2005,OH,750,31477,6.690597846
11/1/2005,OO,823,43154,5.776782972
11/1/2005,TZ,39,2831,5.701289398
11/1/2005,UA,259,39686,6.860958227
11/1/2005,US,171,30278,3.747965589
11/1/2005,WN,470,84471,8.355805288
11/1/2005,XE,444,33411,6.88339855
12/1/2005,AA,1029,54961,13.01640955
12/1/2005,AS,172,12905,12.8670384
12/1/2005,B6,35,11183,17.50331898
12/1/2005,CO,170,26352,11.61996792
12/1/2005,DH,31,6495,3.954517327
12/1/2005,DL,794,45433,10.09092946
12/1/2005,EV,753,23085,16.41389038
12/1/2005,F9,21,6833,11.35231944
12/1/2005,FL,194,18275,16.91139871
12/1/2005,HA,1,4070,-1.399606783
12/1/2005,HP,245,16620,8.982534351
12/1/2005,MQ,1763,44782,12.19823799
12/1/2005,NW,346,36045,11.91795288
12/1/2005,OH,670,24493,11.16568022
12/1/2005,OO,1445,43176,14.71388177
12/1/2005,TZ,47,2472,11.35216495
12/1/2005,UA,742,41289,16.61859077
12/1/2005,US,351,28869,6.900448839
12/1/2005,WN,1017,89077,11.23166023
12/1/2005,XE,925,35928,11.22338085
1/1/2006,AA,535,54607,7.942539577
1/1/2006,AS,372,12903,9.618067193
1/1/2006,B6,24,11045,12.92396334
1/1/2006,CO,85,24521,7.689679162
1/1/2006,DL,733,44778,9.454489726
1/1/2006,EV,687,22267,12.46603336
1/1/2006,F9,22,6892,3.867248908
1/1/2006,FL,250,18465,13.21191326
1/1/2006,HA,0,4140,-2.973429952
1/1/2006,MQ,1338,44997,6.933667743
1/1/2006,NW,423,33772,5.585144982
1/1/2006,OH,517,23951,7.465434838
1/1/2006,OO,830,43113,6.705247972
1/1/2006,TZ,30,1945,7.618276762
1/1/2006,UA,786,40336,11.06096081
1/1/2006,US,685,44544,5.398276294
1/1/2006,WN,900,90345,7.660662977
1/1/2006,XE,507,33534,5.440700033
1/1/2006,YV,1063,25132,12.25082056
2/1/2006,AA,1255,49934,9.973931264
2/1/2006,AS,271,11649,9.446739321
2/1/2006,B6,310,10655,18.68322861
2/1/2006,CO,410,22910,9.272755556
2/1/2006,DL,994,40282,7.187512727
2/1/2006,EV,474,21017,11.9698194
2/1/2006,F9,26,6261,8.693664796
2/1/2006,FL,277,17052,12.31230999
2/1/2006,HA,6,3744,-0.05858748
2/1/2006,MQ,1432,40682,8.236254777
2/1/2006,NW,559,31624,7.276549171
2/1/2006,OH,414,20589,5.300024783
2/1/2006,OO,834,40457,9.106983318
2/1/2006,TZ,37,1577,14.69155844
2/1/2006,UA,768,37729,11.09493791
2/1/2006,US,717,39234,6.074071189
2/1/2006,WN,954,82175,10.62903683
2/1/2006,XE,936,31239,7.401577402
2/1/2006,YV,619,22437,9.105142543
3/1/2006,AA,600,55904,11.71342037
3/1/2006,AS,147,13072,9.190715667
3/1/2006,B6,6,12383,7.166841723
3/1/2006,CO,97,27531,9.705001094
3/1/2006,DL,500,45718,7.183931178
3/1/2006,EV,317,23983,11.37695428
3/1/2006,F9,16,7016,10.64242857
3/1/2006,FL,41,19516,7.032811297
3/1/2006,HA,13,4145,-0.777105518
3/1/2006,MQ,1420,45177,11.07630779
3/1/2006,NW,392,36904,7.31014461
3/1/2006,OH,234,23208,4.376381997
3/1/2006,OO,1100,46337,13.47213564
3/1/2006,TZ,17,1750,12.80553953
3/1/2006,UA,869,42644,15.04318372
3/1/2006,US,254,44295,5.21173452
3/1/2006,WN,638,92111,10.00524745
3/1/2006,XE,422,38038,9.499654402
3/1/2006,YV,503,25485,11.69702186
4/1/2006,AA,356,53496,9.245859992
4/1/2006,AQ,382,3530,4.440597205
4/1/2006,AS,103,12725,7.533275234
4/1/2006,B6,2,12537,4.305225369
4/1/2006,CO,64,25747,10.59704863
4/1/2006,DL,486,42835,5.19634466
4/1/2006,EV,451,22760,11.78264378
4/1/2006,F9,9,6882,4.454386731
4/1/2006,FL,82,19071,8.231397125
4/1/2006,HA,5,4016,-2.803041636
4/1/2006,MQ,1254,45721,10.7302494
4/1/2006,NW,200,35242,4.928913875
4/1/2006,OH,161,22785,3.621021924
4/1/2006,OO,682,44441,6.986014306
4/1/2006,TZ,7,1632,12.73415385
4/1/2006,UA,617,40872,10.3596075
4/1/2006,US,221,41951,6.472633597
4/1/2006,WN,396,88881,9.975487371
4/1/2006,XE,459,35836,8.133137349
4/1/2006,YV,667,24391,10.17703591
5/1/2006,AA,501,55304,10.60237578
5/1/2006,AQ,45,3653,0.194290466
5/1/2006,AS,117,13516,4.287633405
5/1/2006,B6,23,12037,5.377143333
5/1/2006,CO,65,25950,10.72918679
5/1/2006,DL,464,41827,4.815608152
5/1/2006,EV,225,23810,11.21530634
5/1/2006,F9,4,7696,4.126625065
5/1/2006,FL,95,19890,8.463955544
5/1/2006,HA,12,4131,-2.400339888
5/1/2006,MQ,1678,47566,13.13005579
5/1/2006,NW,152,36553,4.56407791
5/1/2006,OH,286,23411,5.946162162
5/1/2006,OO,788,46400,5.965053056
5/1/2006,TZ,15,1541,14.24967235
5/1/2006,UA,711,42714,12.19003405
5/1/2006,US,215,42537,6.035395303
5/1/2006,WN,419,92145,9.532607985
5/1/2006,XE,704,37560,9.820544823
5/1/2006,YV,538,24678,10.38852527
6/1/2006,AA,379,53595,10.79130337
6/1/2006,AQ,70,3868,1.787519747
6/1/2006,AS,127,14003,8.737244163
6/1/2006,B6,18,12182,12.17823085
6/1/2006,CO,160,26232,17.65694998
6/1/2006,DL,723,41983,11.72547261
6/1/2006,EV,657,22648,20.09217407
6/1/2006,F9,7,7664,6.6667102
6/1/2006,FL,103,20113,16.95417291
6/1/2006,HA,13,4419,-2.133908307
6/1/2006,MQ,1698,46443,13.67560621
6/1/2006,NW,302,35797,8.843301874
6/1/2006,OH,757,23705,13.12375806
6/1/2006,OO,575,46290,6.477742535
6/1/2006,TZ,17,1564,15.85714286
6/1/2006,UA,784,42223,14.71654721
6/1/2006,US,428,40981,11.41116564
6/1/2006,WN,501,90766,14.05841688
6/1/2006,XE,1491,38531,15.80183585
6/1/2006,YV,1278,25308,21.47744486
7/1/2006,AA,843,54842,11.97511065
7/1/2006,AQ,68,4607,-1.461114783
7/1/2006,AS,206,14683,12.52655937
7/1/2006,B6,37,13836,13.23675629
7/1/2006,CO,192,26812,17.61303531
7/1/2006,DL,752,42809,8.850964168
7/1/2006,EV,733,24342,21.2024228
7/1/2006,F9,11,8278,6.48227894
7/1/2006,FL,105,21077,12.13518024
7/1/2006,HA,11,4778,-2.103838892
7/1/2006,MQ,1857,47779,12.2543661
7/1/2006,NW,219,37208,7.98937522
7/1/2006,OH,769,25190,13.17566848
7/1/2006,OO,659,47690,7.218153984
7/1/2006,TZ,16,1600,19.36489899
7/1/2006,UA,956,43350,15.75654574
7/1/2006,US,553,42070,12.31160729
7/1/2006,WN,507,93583,13.32811896
7/1/2006,XE,1158,39468,14.77016445
7/1/2006,YV,1083,27242,22.02465691
8/1/2006,AA,934,55351,10.23839976
8/1/2006,AQ,42,4345,-2.327678364
8/1/2006,AS,173,14752,11.23060567
8/1/2006,B6,56,14258,10.46901845
8/1/2006,CO,116,26804,9.528402278
8/1/2006,DL,664,43207,8.814987189
8/1/2006,EV,766,24156,21.90111159
8/1/2006,F9,17,8387,3.944444444
8/1/2006,FL,229,20953,11.7618703
8/1/2006,HA,25,4762,-2.675533038
8/1/2006,MQ,1583,48096,10.58869563
8/1/2006,NW,299,37883,7.111909323
8/1/2006,OH,807,25491,10.71791444
8/1/2006,OO,848,48444,6.946802252
8/1/2006,TZ,21,1673,16.3625908
8/1/2006,UA,582,44062,10.43433763
8/1/2006,US,552,42566,8.761650878
8/1/2006,WN,903,95894,10.16095209
8/1/2006,XE,473,39845,7.576805852
8/1/2006,YV,693,27803,15.41239395
9/1/2006,AA,919,51661,9.911927003
9/1/2006,AQ,46,3784,-2.516318887
9/1/2006,AS,154,13308,5.92070853
9/1/2006,B6,41,13069,8.793828677
9/1/2006,CO,26,23852,4.893981365
9/1/2006,DL,751,39867,9.922180182
9/1/2006,EV,683,21976,22.49903724
9/1/2006,F9,19,7936,1.009978527
9/1/2006,FL,202,19326,11.8196507
9/1/2006,HA,31,4407,-2.081352834
9/1/2006,MQ,1952,45627,10.61801946
9/1/2006,NW,693,36358,5.105313332
9/1/2006,OH,651,23452,10.4025262
9/1/2006,OO,998,45269,7.95396535
9/1/2006,TZ,10,1531,8.900723208
9/1/2006,UA,680,40830,9.982515567
9/1/2006,US,478,40818,6.157040159
9/1/2006,WN,696,91088,7.829697318
9/1/2006,XE,290,35372,4.502935979
9/1/2006,YV,630,25406,15.28374233
10/1/2006,AA,640,53342,9.437858146
10/1/2006,AQ,42,3885,0.367161072
10/1/2006,AS,164,13311,5.42853883
10/1/2006,B6,33,13924,10.08523504
10/1/2006,CO,179,26345,12.9278453
10/1/2006,DL,725,42100,11.2006284
10/1/2006,EV,674,23101,20.63271949
10/1/2006,F9,32,8074,3.095498632
10/1/2006,FL,187,20446,13.95962288
10/1/2006,HA,75,4545,1.899105145
10/1/2006,MQ,1865,47259,12.68279949
10/1/2006,NW,846,37828,7.204613055
10/1/2006,OH,518,23174,12.77860169
10/1/2006,OO,1383,47166,9.875324902
10/1/2006,TZ,19,1605,9.165825977
10/1/2006,UA,784,42495,10.44894632
10/1/2006,US,411,42842,7.02361481
10/1/2006,WN,843,96143,9.07409234
10/1/2006,XE,1208,38190,13.22437943
10/1/2006,YV,771,25943,16.43854283
11/1/2006,AA,1284,51390,10.06488245
11/1/2006,AQ,30,3782,-0.040511727
11/1/2006,AS,290,12529,12.52169295
11/1/2006,B6,42,14357,14.50408662
11/1/2006,CO,70,25591,9.375808158
11/1/2006,DL,468,40492,6.324805117
11/1/2006,EV,447,21990,15.30255768
11/1/2006,F9,36,7457,1.611103625
11/1/2006,FL,147,20428,7.563384448
11/1/2006,HA,26,4440,-0.921839601
11/1/2006,MQ,1555,44561,9.769125238
11/1/2006,NW,230,36215,7.626399889
11/1/2006,OH,639,21458,12.26855276
11/1/2006,OO,1203,44827,8.533123968
11/1/2006,TZ,19,1534,11.71881188
11/1/2006,UA,472,40745,8.826807042
11/1/2006,US,355,40987,8.060297303
11/1/2006,WN,864,91903,8.225353969
11/1/2006,XE,773,36402,8.55078728
11/1/2006,YV,608,25109,9.835720991
12/1/2006,AA,1881,54171,16.42847581
12/1/2006,AQ,20,3933,-0.148734986
12/1/2006,AS,306,12953,16.24843836
12/1/2006,B6,67,15449,17.33454687
12/1/2006,CO,185,27094,11.25233193
12/1/2006,DL,435,40188,6.566322039
12/1/2006,EV,669,21093,16.35286917
12/1/2006,F9,703,7638,7.726459986
12/1/2006,FL,223,21308,8.467109319
12/1/2006,HA,36,4646,2.275488069
12/1/2006,MQ,2358,46180,17.29857149
12/1/2006,NW,539,37496,10.4789891
12/1/2006,OH,1122,21685,13.29776784
12/1/2006,OO,2944,47675,16.88339183
12/1/2006,TZ,19,1650,11.80625383
12/1/2006,UA,2229,42008,12.64654717
12/1/2006,US,642,42019,12.04272905
12/1/2006,WN,1330,94287,12.98992007
12/1/2006,XE,1295,37455,12.70702434
12/1/2006,YV,1091,25830,15.56526133
1/1/2007,9E,528,21062,7.739066913
1/1/2007,AA,2522,55124,15.49165431
1/1/2007,AQ,34,3875,0.53111169
1/1/2007,AS,397,12828,10.69479527
1/1/2007,B6,43,15367,12.41164187
1/1/2007,CO,207,26047,8.484907121
1/1/2007,DL,633,39276,5.935693399
1/1/2007,EV,1005,22594,16.89429802
1/1/2007,F9,49,7812,7.77714801
1/1/2007,FL,206,20632,6.29178498
1/1/2007,HA,11,4622,1.761223162
1/1/2007,MQ,2583,45967,13.27765997
1/1/2007,NW,309,35527,6.631466864
1/1/2007,OH,756,21462,11.42944074
1/1/2007,OO,1777,48387,15.32767646
1/1/2007,UA,653,41310,10.52431316
1/1/2007,US,613,42101,8.776513691
1/1/2007,WN,1731,96330,7.508388038
1/1/2007,XE,980,35327,9.126095438
1/1/2007,YV,740,25909,13.73741507
2/1/2007,9E,1266,19907,16.39557964
2/1/2007,AA,2978,49503,16.15892531
2/1/2007,AQ,28,3517,0.825738034
2/1/2007,AS,278,11746,11.16096965
2/1/2007,B6,1333,14533,23.96189394
2/1/2007,CO,230,24224,10.03796783
2/1/2007,DL,1014,35710,7.360675582
2/1/2007,EV,1126,21198,20.56745715
2/1/2007,F9,112,7203,8.446481455
2/1/2007,FL,406,19194,10.49611454
2/1/2007,HA,14,4172,0.120971621
2/1/2007,MQ,2976,41203,15.35689434
2/1/2007,NW,1198,32800,14.69846845
2/1/2007,OH,1959,18466,19.76858303
2/1/2007,OO,2172,44408,14.45162894
2/1/2007,UA,1863,37665,15.56259427
2/1/2007,US,1434,37951,16.85634088
2/1/2007,WN,2217,86974,11.20926885
2/1/2007,XE,1112,31702,10.72844067
2/1/2007,YV,1749,23528,21.28862666
3/1/2007,9E,927,22298,7.947592532
3/1/2007,AA,1866,55040,14.07370143
3/1/2007,AQ,17,3980,-0.141054756
3/1/2007,AS,284,13002,11.8773392
3/1/2007,B6,515,16685,17.8533086
3/1/2007,CO,629,28330,13.69777264
3/1/2007,DL,839,41179,6.284928111
3/1/2007,EV,786,24085,17
3/1/2007,F9,27,8099,3.908325074
3/1/2007,FL,295,22327,8.754357298
3/1/2007,HA,1,4683,-1.206322085
3/1/2007,MQ,2045,45410,12.36259656
3/1/2007,NW,1103,37003,11.06913649
3/1/2007,OH,828,20519,12.75039358
3/1/2007,OO,1318,50514,7.678124238
3/1/2007,UA,946,42714,12.92965907
3/1/2007,US,1260,42921,19.74359713
3/1/2007,WN,962,97928,9.470226677
3/1/2007,XE,1246,35993,15.60238294
3/1/2007,YV,983,26499,14.7319721
4/1/2007,9E,220,21214,3.682099648
4/1/2007,AA,1630,52186,13.68413245
4/1/2007,AQ,16,3882,-1.543973099
4/1/2007,AS,203,12833,7.018368963
4/1/2007,B6,290,16504,18.88799803
4/1/2007,CO,118,27331,12.31683387
4/1/2007,DL,283,38744,5.719092067
4/1/2007,EV,667,23351,15.14710809
4/1/2007,F9,31,7883,4.197401936
4/1/2007,FL,96,21754,5.928017361
4/1/2007,HA,11,4565,-2.232323232
4/1/2007,MQ,1600,43582,11.01993712
4/1/2007,NW,585,35420,6.644007464
4/1/2007,OH,522,19062,11.74422869
4/1/2007,OO,1148,48388,6.266257409
4/1/2007,UA,982,40822,12.41295181
4/1/2007,US,569,41334,14.22374586
4/1/2007,WN,502,96085,8.950095728
4/1/2007,XE,860,34233,13.01360381
4/1/2007,YV,805,25475,12.24406161
5/1/2007,9E,162,21295,5.220934084
5/1/2007,AA,1193,53754,11.61996537
5/1/2007,AQ,59,3819,3.974202128
5/1/2007,AS,120,14075,7.695521319
5/1/2007,B6,50,15864,7.849563678
5/1/2007,CO,96,27885,11.28615639
5/1/2007,DL,216,38747,3.523007449
5/1/2007,EV,215,23437,10.3728361
5/1/2007,F9,30,8532,8.004940014
5/1/2007,FL,80,22570,3.980480213
5/1/2007,HA,10,4707,-1.731956568
5/1/2007,MQ,1027,46088,10.66429951
5/1/2007,NW,343,36910,5.712472995
5/1/2007,OH,231,19242,7.893956131
5/1/2007,OO,586,49696,6.175096722
5/1/2007,UA,370,41520,9.576087485
5/1/2007,US,641,42215,10.81163708
5/1/2007,WN,380,98773,8.796936774
5/1/2007,XE,485,36226,10.40329034
5/1/2007,YV,547,26254,6.725094332
6/1/2007,9E,465,21816,10.05868578
6/1/2007,AA,1929,52070,23.39283221
6/1/2007,AQ,84,3900,3.825733753
6/1/2007,AS,162,14315,13.32791634
6/1/2007,B6,389,15624,20.56527732
6/1/2007,CO,312,27366,19.06856657
6/1/2007,DL,633,40200,14.61609422
6/1/2007,EV,1082,25164,27.84781164
6/1/2007,F9,31,8364,12.10596424
6/1/2007,FL,286,22691,14.25351484
6/1/2007,HA,10,4808,-0.186952897
6/1/2007,MQ,2669,44952,20.44871461
6/1/2007,NW,1895,36005,12.71172677
6/1/2007,OH,1010,20023,15.91069268
6/1/2007,OO,837,50818,7.710449971
6/1/2007,UA,848,40987,18.80669673
6/1/2007,US,1144,40547,18.05050377
6/1/2007,WN,423,96693,15.38439805
6/1/2007,XE,1389,37140,16.40947106
6/1/2007,YV,1645,25797,13.06893839
7/1/2007,9E,418,22190,7.314532427
7/1/2007,AA,1090,53837,19.23186153
7/1/2007,AQ,14,3921,0.93729204
7/1/2007,AS,179,14797,14.26809413
7/1/2007,B6,258,16426,20.10007422
7/1/2007,CO,352,27889,17.23426662
7/1/2007,DL,625,41606,15.65830507
7/1/2007,EV,1061,25551,29.8242548
7/1/2007,F9,13,9024,9.351792254
7/1/2007,FL,236,23663,15.68378367
7/1/2007,HA,32,5060,-1.160103421
7/1/2007,MQ,2041,46794,16.24565951
7/1/2007,NW,1155,36009,11.01078786
7/1/2007,OH,1112,20503,16.27930483
7/1/2007,OO,882,53050,7.512785616
7/1/2007,UA,912,42486,15.58526964
7/1/2007,US,795,41673,15.16113802
7/1/2007,WN,356,100397,14.70433122
7/1/2007,XE,1320,38981,15.3315366
7/1/2007,YV,655,24703,10.91554391
8/1/2007,9E,870,22840,11.40487028
8/1/2007,AA,971,53800,15.07675708
8/1/2007,AQ,7,4069,-2.015017233
8/1/2007,AS,227,14722,15.59758537
8/1/2007,B6,156,16655,17.80641251
8/1/2007,CO,251,28483,14.41888637
8/1/2007,DL,544,41763,13.30495645
8/1/2007,EV,1054,26026,28.22176838
8/1/2007,F9,15,8790,8.867464387
8/1/2007,FL,277,23259,13.84348621
8/1/2007,HA,40,5036,-1.316853483
8/1/2007,MQ,1731,47061,14.52225899
8/1/2007,NW,303,35142,10.82370332
8/1/2007,OH,716,20772,13.77727363
8/1/2007,OO,994,53955,8.183682332
8/1/2007,UA,1189,43176,17.33812847
8/1/2007,US,651,41211,13.13745069
8/1/2007,WN,489,101673,13.03398759
8/1/2007,XE,833,39905,11.22990889
8/1/2007,YV,977,24941,12.16553998
9/1/2007,9E,509,21238,6.117854214
9/1/2007,AA,893,51266,8.574811903
9/1/2007,AQ,12,3723,-2.05685799
9/1/2007,AS,169,13402,8.512808887
9/1/2007,B6,107,15123,1.963705381
9/1/2007,CO,43,24746,2.751852002
9/1/2007,DL,268,38815,4.839598412
9/1/2007,EV,549,22644,23.09445576
9/1/2007,F9,7,7928,1.698396667
9/1/2007,FL,79,21004,3.775531661
9/1/2007,HA,17,4581,-1.169149869
9/1/2007,MQ,839,44669,6.918480493
9/1/2007,NW,100,32170,5.30349236
9/1/2007,OH,166,18673,5.779380775
9/1/2007,OO,560,48869,3.750750378
9/1/2007,UA,654,39276,8.001191031
9/1/2007,US,320,37774,5.723474128
9/1/2007,WN,586,96586,6.062708333
9/1/2007,XE,243,35317,3.633660261
9/1/2007,YV,386,22383,5.281720235
10/1/2007,9E,614,22290,5.611413545
10/1/2007,AA,523,53472,9.663884115
10/1/2007,AQ,35,3763,1.747585837
10/1/2007,AS,213,13337,9.439804938
10/1/2007,B6,107,15518,9.293880994
10/1/2007,CO,121,27381,8.702017608
10/1/2007,DL,354,41345,4.755800054
10/1/2007,EV,521,25033,19.57804341
10/1/2007,F9,3,8279,3.5760029
10/1/2007,FL,79,21706,7.043371711
10/1/2007,HA,10,4707,-0.988290398
10/1/2007,MQ,831,46034,7.562573281
10/1/2007,NW,164,33446,5.588606454
10/1/2007,OH,397,19719,9.358606769
10/1/2007,OO,644,51029,4.689907711
10/1/2007,UA,725,41235,11.03322636
10/1/2007,US,304,40018,7.497784157
10/1/2007,WN,510,100212,7.776162966
10/1/2007,XE,630,38320,8.561501725
10/1/2007,YV,542,23148,8.005794922
11/1/2007,9E,228,20813,4.797765363
11/1/2007,AA,545,51229,10.05037093
11/1/2007,AQ,31,3884,0.200363353
11/1/2007,AS,136,12292,7.221043106
11/1/2007,B6,39,16073,8.104839716
11/1/2007,CO,61,26316,7.950561798
11/1/2007,DL,301,39381,2.696289662
11/1/2007,EV,224,23567,12.95707493
11/1/2007,F9,4,7859,3.026861871
11/1/2007,FL,159,21781,5.721764869
11/1/2007,HA,32,4543,-1.181334516
11/1/2007,MQ,738,44175,8.750535258
11/1/2007,NW,91,31950,3.704761606
11/1/2007,OH,272,18962,8.367897271
11/1/2007,OO,743,48423,4.194840604
11/1/2007,UA,515,38803,10.97905349
11/1/2007,US,501,38499,5.995973472
11/1/2007,WN,572,97798,7.787957954
11/1/2007,XE,429,35749,11.44176104
11/1/2007,YV,658,23052,9.389881218
12/1/2007,9E,1732,21888,24.40821592
12/1/2007,AA,1784,52576,19.93103245
12/1/2007,AQ,51,4027,-0.728873239
12/1/2007,AS,195,12836,10.77936872
12/1/2007,B6,423,17078,18.42089463
12/1/2007,CO,531,27153,14.07602735
12/1/2007,DL,811,39123,8.800114847
12/1/2007,EV,630,23584,19.64877581
12/1/2007,F9,76,7987,17.56351915
12/1/2007,FL,403,22578,11.61975197
12/1/2007,HA,50,4691,-1.174100409
12/1/2007,MQ,3712,44559,22.34284036
12/1/2007,NW,568,32144,13.49971497
12/1/2007,OH,882,16384,20.3446007
12/1/2007,OO,2525,50345,15.03163948
12/1/2007,UA,2272,40008,24.58185817
12/1/2007,US,710,39203,9.149195958
12/1/2007,WN,1265,99422,14.36137005
12/1/2007,XE,1273,35880,16.99422082
12/1/2007,YV,1600,22673,21.47145637
1/1/2008,9E,1133,22848,13.84163021
1/1/2008,AA,1657,52410,15.84261029
1/1/2008,AQ,25,4028,-0.834124407
1/1/2008,AS,355,12729,9.807661225
1/1/2008,B6,211,16447,8.316703622
1/1/2008,CO,193,25177,9.060918988
1/1/2008,DL,1199,38256,5.748927328
1/1/2008,EV,1128,23115,13.07213353
1/1/2008,F9,14,7692,6.579317531
1/1/2008,FL,238,20519,5.748631724
1/1/2008,HA,36,4679,-2.482231316
1/1/2008,MQ,2447,43454,14.56014827
1/1/2008,NW,279,30908,6.694733749
1/1/2008,OH,501,18644,8.654301935
1/1/2008,OO,2564,48992,15.64112174
1/1/2008,UA,1481,38026,20.79770146
1/1/2008,US,666,39226,6.318879668
1/1/2008,WN,1138,101396,11.59945341
1/1/2008,XE,603,35058,10.55330141
1/1/2008,YV,1440,22161,14.35804257
2/1/2008,9E,1286,21008,16.01997769
2/1/2008,AA,2301,48618,17.48565322
2/1/2008,AQ,17,3772,-1.998668442
2/1/2008,AS,206,11882,7.305241521
2/1/2008,B6,365,15984,15.70567898
2/1/2008,CO,411,24326,14.13435083
2/1/2008,DL,678,36275,6.950304801
2/1/2008,EV,611,22095,16.9214299
2/1/2008,F9,41,7126,8.034580099
2/1/2008,FL,295,20340,14.6240459
2/1/2008,HA,11,4390,-1.627768897
2/1/2008,MQ,3025,40221,16.63458436
2/1/2008,NW,551,29102,10.12468915
2/1/2008,OH,1071,17081,13.65783885
2/1/2008,OO,2120,46140,11.66276692
2/1/2008,UA,1519,36764,17.73264293
2/1/2008,US,719,36815,8.407856826
2/1/2008,WN,1797,94484,15.75370872
2/1/2008,XE,1385,32098,13.26897405
2/1/2008,YV,2187,20715,18.50766408
3/1/2008,9E,1164,22534,11.75095929
3/1/2008,AA,2908,52021,17.42204712
3/1/2008,AS,85,12757,6.846590909
3/1/2008,B6,199,17906,14.19602417
3/1/2008,CO,393,27216,18.59676397
3/1/2008,DL,855,39829,10.45776672
3/1/2008,EV,487,24014,17.56671059
3/1/2008,F9,36,7953,8.342048756
3/1/2008,FL,241,23351,13.29766335
3/1/2008,HA,36,4705,-1.732705076
3/1/2008,MQ,2481,42159,14.29449569
3/1/2008,NW,368,31833,9.408485619
3/1/2008,OH,778,18699,14.04190614
3/1/2008,OO,1382,51318,7.110841878
3/1/2008,UA,934,40449,13.64367962
3/1/2008,US,590,39403,7.194522454
3/1/2008,WN,891,102314,12.74779882
3/1/2008,XE,1633,36623,16.59811375
3/1/2008,YV,722,21006,9.945819365
4/1/2008,9E,514,21969,6.459752971
4/1/2008,AA,3918,51470,12.26179761
4/1/2008,AS,158,12517,5.067400275
4/1/2008,B6,127,17141,9.844716116
4/1/2008,CO,87,25983,10.37337813
4/1/2008,DL,319,37049,7.901306834
4/1/2008,EV,120,23159,10.59933157
4/1/2008,F9,7,7909,3.983675019
4/1/2008,FL,129,22646,5.334680464
4/1/2008,HA,29,4611,0.880183326
4/1/2008,MQ,1007,42026,9.722884517
4/1/2008,NW,209,30956,6.365303932
4/1/2008,OH,268,17510,8.878436376
4/1/2008,OO,707,48734,3.492868595
4/1/2008,UA,682,38797,12.52291749
4/1/2008,US,415,38095,4.923752654
4/1/2008,WN,554,100772,7.970514279
4/1/2008,XE,304,34978,8.519034435
4/1/2008,YV,801,21804,11.3094796
5/1/2008,9E,197,22212,3.409311833
5/1/2008,AA,1119,53250,13.74126719
5/1/2008,AS,127,13137,5.515987702
5/1/2008,B6,27,16169,5.92565977
5/1/2008,CO,80,26238,11.50565792
5/1/2008,DL,156,36349,3.568590611
5/1/2008,EV,57,23232,4.20038835
5/1/2008,F9,9,8581,5.977018199
5/1/2008,FL,110,23386,4.18512631
5/1/2008,HA,15,4688,2.190669805
5/1/2008,MQ,1201,43348,8.687095167
5/1/2008,NW,124,31756,4.612923622
5/1/2008,OH,190,17082,7.110762491
5/1/2008,OO,445,48632,4.15398344
5/1/2008,UA,718,39864,12.0504777
5/1/2008,US,355,38935,4.180378434
5/1/2008,WN,375,102591,9.428856539
5/1/2008,XE,425,34660,9.622725281
5/1/2008,YV,499,22183,8.412193322
6/1/2008,9E,347,21506,6.686941727
6/1/2008,AA,1023,50842,20.64708244
6/1/2008,AS,104,13390,6.990215264
6/1/2008,B6,363,16525,16.30615023
6/1/2008,CO,220,26378,18.09075617
6/1/2008,DL,479,37844,9.559641376
6/1/2008,EV,148,24876,9.853728567
6/1/2008,F9,20,8600,7.322261072
6/1/2008,FL,156,23311,11.86370114
6/1/2008,HA,17,5301,-0.728046934
6/1/2008,MQ,1865,43921,14.77879494
6/1/2008,NW,417,31821,11.98436505
6/1/2008,OH,633,17328,15.60886493
6/1/2008,OO,958,49636,9.507662599
6/1/2008,UA,1204,40237,22.07913817
6/1/2008,US,720,38567,8.234021191
6/1/2008,WN,326,100890,13.58379738
6/1/2008,XE,976,35254,16.31393313
6/1/2008,YV,955,22438,17.72461947
7/1/2008,9E,287,21768,4.638238443
7/1/2008,AA,819,52924,14.63231936
7/1/2008,AS,98,14190,6.097431167
7/1/2008,B6,553,17460,19.7970663
7/1/2008,CO,297,27494,13.73467662
7/1/2008,DL,905,39335,16.30301848
7/1/2008,EV,704,26162,18.5899128
7/1/2008,F9,17,9328,5.198367522
7/1/2008,FL,285,24061,20.30858849
7/1/2008,HA,151,5632,2.970808247
7/1/2008,MQ,1127,45287,9.618025362
7/1/2008,NW,202,32283,5.692559459
7/1/2008,OH,814,18292,16.81262158
7/1/2008,OO,652,49654,7.469164524
7/1/2008,UA,1328,41381,16.81050109
7/1/2008,US,683,39809,8.135817615
7/1/2008,WN,663,103649,9.946633523
7/1/2008,XE,492,36582,10.86273206
7/1/2008,YV,521,22640,14.03264162
8/1/2008,9E,176,21456,1.079652256
8/1/2008,AA,1208,53186,13.68253877
8/1/2008,AS,154,13765,7.556314745
8/1/2008,B6,557,17482,22.23161004
8/1/2008,CO,193,27088,15.71243726
8/1/2008,DL,597,38173,9.272221631
8/1/2008,EV,527,25286,13.03449251
8/1/2008,F9,24,9011,4.604651163
8/1/2008,FL,174,23534,10.7791524
8/1/2008,HA,47,5597,-0.821621622
8/1/2008,MQ,1167,43704,7.403625079
8/1/2008,NW,139,29572,3.301770122
8/1/2008,OH,800,17567,14.06095306
8/1/2008,OO,381,49784,4.158148291
8/1/2008,UA,844,40325,15.15154125
8/1/2008,US,672,38293,6.233380293
8/1/2008,WN,585,101797,8.250207485
8/1/2008,XE,1151,35136,13.4170075
8/1/2008,YV,439,21523,10.42150446
9/1/2008,9E,263,20854,0.35005585
9/1/2008,AA,704,48215,6.30971775
9/1/2008,AS,67,12082,2.285559717
9/1/2008,B6,156,14078,5.358856486
9/1/2008,CO,1304,21514,5.332459179
9/1/2008,DL,418,36304,2.655408795
9/1/2008,EV,219,20869,4.185230024
9/1/2008,F9,33,7521,-1.188568376
9/1/2008,FL,167,19152,0.684277061
9/1/2008,HA,11,4892,-2.5560336
9/1/2008,MQ,984,39471,4.640450022
9/1/2008,NW,122,25183,1.170942899
9/1/2008,OH,333,15423,7.004440027
9/1/2008,OO,404,44047,2.795110327
9/1/2008,UA,339,34508,7.684509351
9/1/2008,US,424,35739,2.174798244
9/1/2008,WN,2286,98130,3.825612454
9/1/2008,XE,1369,23151,4.348866036
9/1/2008,YV,310,19775,9.101412792
10/1/2008,9E,143,22216,0.405450677
10/1/2008,AA,321,49788,5.123413629
10/1/2008,AS,93,12294,2.651294233
10/1/2008,B6,52,14547,1.996275862
10/1/2008,CO,60,22778,7.422887324
10/1/2008,DL,227,38645,4.882816769
10/1/2008,EV,80,21428,6.739826738
10/1/2008,F9,14,7569,1.290800794
10/1/2008,FL,65,20544,3.954736328
10/1/2008,HA,27,5435,0.650582363
10/1/2008,MQ,295,38170,3.208099195
10/1/2008,NW,41,25560,0.516573936
10/1/2008,OH,53,13547,3.59439834
10/1/2008,OO,294,44695,1.728416457
10/1/2008,UA,238,35481,4.912019967
10/1/2008,US,257,36982,0.692071096
10/1/2008,WN,620,101756,4.661495566
10/1/2008,XE,139,24095,5.473293273
10/1/2008,YV,230,20675,6.073397185
11/1/2008,9E,282,21371,2.190868618
11/1/2008,AA,404,44832,5.914173228
11/1/2008,AS,65,11029,4.302817544
11/1/2008,B6,110,15645,6.500482657
11/1/2008,CO,28,21572,8.959112637
11/1/2008,DL,300,36939,5.634811076
11/1/2008,EV,157,22865,9.924817325
11/1/2008,F9,17,7106,4.798561151
11/1/2008,FL,84,20212,5.699786378
11/1/2008,HA,60,5783,0.465071603
11/1/2008,MQ,370,33908,5.279066996
11/1/2008,NW,51,24043,1.919524901
11/1/2008,OH,158,12723,7.293850927
11/1/2008,OO,460,41287,3.631591827
11/1/2008,UA,254,31040,6.137863889
11/1/2008,US,319,35091,2.518250273
11/1/2008,WN,861,96144,6.448257406
11/1/2008,XE,222,22285,5.484413231
11/1/2008,YV,256,19397,5.434959562
12/1/2008,9E,1308,22466,15.02439714
12/1/2008,AA,1058,47329,15.44768998
12/1/2008,AS,627,11330,19.02930745
12/1/2008,B6,485,16707,22.60874923
12/1/2008,CO,436,22691,23.11631454
12/1/2008,DL,680,36933,12.56375413
12/1/2008,EV,788,23474,16.92598786
12/1/2008,F9,71,7366,16.63743491
12/1/2008,FL,292,20628,12.31999607
12/1/2008,HA,130,6113,6.478115603
12/1/2008,MQ,2362,35024,20.3680083
12/1/2008,NW,403,24635,14.50447294
12/1/2008,OH,863,13711,20.88770594
12/1/2008,OO,2069,44240,18.76906885
12/1/2008,UA,1000,32643,17.82580157
12/1/2008,US,762,36634,9.152826511
12/1/2008,WN,2293,97831,20.85553579
12/1/2008,XE,1293,24590,18.15532899
12/1/2008,YV,859,20613,18.73728814
